participant_id,lab,signal,stage,mean,std,median,min,max,variance,skewness,kurtosis,samples,duration_minutes,ci_lower,ci_upper,delta_power,theta_power,alpha_power,beta_power,gamma_power,power_50hz,power_60hz,delta_power_rel,theta_power_rel,alpha_power_rel,beta_power_rel,gamma_power_rel,total_power,peak_frequency,spectral_centroid,spectral_bandwidth,psd,frequencies
sub-038,lab_3,EEG1,Awake,1.260766e-06,2.1745715e-05,1.1480888e-06,-0.00029569742,0.00039,4.728761e-10,-0.15375908,2.7904763,6152192,801.0666666666667,1.2435826833547971e-06,1.2779493131806894e-06,2.111469e-05,1.882404e-05,8.6084465e-06,3.3750587e-06,1.390176e-09,5.161126e-10,4.4583784e-10,0.0014383199,0.0012822822,0.00058640214,0.00022990695,9.4697945e-08,0.014680107,0.0,8.39849174246457,6.707646487372862,"[9.4079303e-05 2.6805907e-07 3.1592134e-07 ... 3.7463002e-10 6.3568339e-10
 4.3862580e-10]","[0.00000000e+00 1.66666667e-02 3.33333333e-02 ... 6.39500000e+01
 6.39666667e+01 6.39833333e+01]"
sub-038,lab_3,EEG1,NREM,1.2591762e-06,4.6240108e-05,3.2492562e-06,-0.00030819318,0.00023102816,2.1381474e-09,-0.41945913,1.0006604,3942912,513.4,1.2135348424118082e-06,1.3048175606462802e-06,0.0001600383,6.6563785e-05,2.6828497e-05,6.667448e-06,1.8491698e-09,7.449497e-10,6.353905e-10,0.0025283636,0.0010516074,0.00042384976,0.00010533562,2.9214094e-08,0.06329718,3.5166666666666666,5.6988863645422,5.104345565365717,"[9.5739982e-05 5.0479491e-07 4.0359879e-07 ... 5.9856914e-10 7.6774348e-10
 6.3265859e-10]","[0.00000000e+00 1.66666667e-02 3.33333333e-02 ... 6.39500000e+01
 6.39666667e+01 6.39833333e+01]"
sub-038,lab_3,EEG1,REM,1.255481e-06,2.433263e-05,1.4323643e-06,-0.0002535381,0.0002135143,5.920769e-10,-0.27167657,2.5561266,732672,95.4,1.1997645985383674e-06,1.3111974779467896e-06,2.3772389e-05,1.9926667e-05,1.0028552e-05,3.0446088e-06,2.4158653e-09,1.3526714e-09,1.149686e-09,0.0015355941,0.001287177,0.0006478014,0.00019666864,1.5605451e-07,0.015480907,0.0,7.997812332517809,6.3625736710270395,"[9.5306801e-05 1.7455417e-07 1.3989477e-07 ... 4.1608347e-10 6.2493727e-10
 1.0226466e-09]","[0.00000000e+00 1.66666667e-02 3.33333333e-02 ... 6.39500000e+01
 6.39666667e+01 6.39833333e+01]"
sub-038,lab_3,EEG1,Artifact,1.0350269e-06,2.6168222e-05,7.2785537e-07,-0.00041998763,0.00038466055,6.8477585e-10,-0.63976395,44.843933,231936,30.2,9.285289200947482e-07,1.141524904259797e-06,3.0676136e-05,1.7725908e-05,7.815121e-06,3.3803267e-06,5.1856452e-09,3.1694987e-09,2.7392142e-09,0.0018879058,0.0010909081,0.00048096708,0.00020803593,3.191409e-07,0.016248764,0.55,7.3181196609048556,6.9313822427986755,"[7.8076519e-05 1.7279447e-06 9.2255652e-07 ... 2.2789401e-09 2.4958680e-09
 2.8513518e-09]","[0.00000000e+00 1.66666667e-02 3.33333333e-02 ... 6.39500000e+01
 6.39666667e+01 6.39833333e+01]"
sub-038,lab_3,EEG2,Awake,-3.4811382e-07,6.0362257e-05,-2.371252e-08,-0.00041608018,0.00039625715,3.6436023e-09,-0.08522743,1.8439307,6152192,801.0666666666667,-3.958116609778685e-07,-3.0041596923683896e-07,0.00016142725,0.00016202514,6.5251064e-05,1.5449028e-05,6.6878165e-09,3.1918606e-09,2.32615e-09,0.0015326184,0.001538295,0.000619505,0.00014667577,6.349529e-08,0.10532775,3.6,7.181172014559079,5.620718060146709,"[1.1575090e-05 1.4773183e-06 1.2917217e-06 ... 1.7844446e-09 1.7575671e-09
 1.7607642e-09]","[0.00000000e+00 1.66666667e-02 3.33333333e-02 ... 6.39500000e+01
 6.39666667e+01 6.39833333e+01]"
sub-038,lab_3,EEG2,NREM,-1.4694649e-07,0.0001278767,5.547234e-06,-0.00042,0.000406,1.6352452e-08,-0.28157225,0.43267965,3942912,513.4,-2.731673708163085e-07,-2.0725610246218275e-08,0.00111411,0.0005311557,0.00022196464,4.5607234e-05,5.5846535e-08,2.4694803e-08,1.01057145e-08,0.002397176,0.0011428618,0.00047759048,9.8130855e-05,1.2016226e-07,0.46475935,3.5166666666666666,5.687778914899493,4.766337749178787,"[1.6624238e-06 2.1169024e-06 2.0979844e-06 ... 7.9550784e-09 6.8550521e-09
 5.0182543e-09]","[0.00000000e+00 1.66666667e-02 3.33333333e-02 ... 6.39500000e+01
 6.39666667e+01 6.39833333e+01]"
sub-038,lab_3,EEG2,REM,-3.9819162e-07,7.538846e-05,1.0350194e-06,-0.0004143282,0.0003929045,5.6834195e-09,-0.18798985,1.4194975,732672,95.4,-5.708148204683382e-07,-2.2556841266868316e-07,0.00020354538,0.00023234091,0.00010158457,2.0520316e-05,2.4728507e-08,1.8164592e-08,1.4927233e-08,0.0014006507,0.0015988005,0.0006990309,0.00014120583,1.7016353e-07,0.14532201,6.85,7.283358200856502,5.287225499503134,"[8.6226337e-06 1.0874312e-06 1.0399623e-06 ... 8.5810976e-09 7.5475768e-09
 1.9066125e-08]","[0.00000000e+00 1.66666667e-02 3.33333333e-02 ... 6.39500000e+01
 6.39666667e+01 6.39833333e+01]"
sub-038,lab_3,EEG2,Artifact,-1.1123118e-05,0.00015820193,1.4887618e-06,-0.00041984874,0.00039789567,2.5027852e-08,-0.32895306,1.5444546,231936,30.2,-1.176695992836739e-05,-1.0479276839019628e-05,0.0018638825,0.00028032524,8.201033e-05,1.9061787e-05,1.7943847e-07,1.1747381e-07,6.0833294e-08,0.0037210842,0.0005596457,0.0001637267,3.805525e-05,3.5823376e-07,0.5008977,0.55,2.197866489205297,3.641032332056517,"[8.5523706e-03 9.5424196e-04 3.8998635e-04 ... 5.4197937e-08 4.6977213e-08
 3.0013531e-08]","[0.00000000e+00 1.66666667e-02 3.33333333e-02 ... 6.39500000e+01
 6.39666667e+01 6.39833333e+01]"
sub-038,lab_3,EMG,Awake,3.9476444e-07,2.0385805e-05,4.1144426e-07,-0.00054,0.000527,4.1558107e-10,0.007686828,33.571854,6152192,801.0666666666667,3.7865571782626963e-07,4.1087316533425886e-07,2.1067674e-08,4.4869654e-07,1.4473649e-06,2.5201325e-06,4.228791e-06,5.3995764e-06,3.5637283e-06,1.7843072e-06,3.8001937e-05,0.00012258322,0.00021344029,0.00035815354,0.011807201,44.13333333333333,39.86417919951532,14.67584456262974,"[9.5288533e-06 1.1731270e-08 8.3265421e-09 ... 3.4549171e-06 2.4708697e-06
 2.6949479e-06]","[0.00000000e+00 1.66666667e-02 3.33333333e-02 ... 6.39500000e+01
 6.39666667e+01 6.39833333e+01]"
sub-038,lab_3,EMG,NREM,3.898694e-07,5.861952e-06,6.2310215e-07,-0.00046258204,0.0003539778,3.4362485e-11,-0.80485785,73.02566,3942912,513.4,3.8408335117528025e-07,3.9565544679827014e-07,5.1574944e-09,2.1450383e-08,8.8279386e-08,2.8524167e-07,4.5091278e-07,4.624259e-07,4.325238e-07,4.109058e-06,1.7089862e-05,7.033359e-05,0.00022725658,0.0003592494,0.0012551525,0.0,39.82920872475806,14.56178892180959,"[8.4133890e-06 4.8381468e-09 3.4141046e-09 ... 2.3485102e-07 2.2745391e-07
 3.0290329e-07]","[0.00000000e+00 1.66666667e-02 3.33333333e-02 ... 6.39500000e+01
 6.39666667e+01 6.39833333e+01]"
sub-038,lab_3,EMG,REM,3.886329e-07,5.9009053e-06,7.0450903e-07,-6.772611e-05,9.064283e-05,3.4820685e-11,-0.54940987,4.7313585,732672,95.4,3.7512112036544996e-07,4.02144704670561e-07,9.272958e-10,1.0396285e-08,1.041481e-07,2.4722263e-07,3.0585844e-07,2.8533057e-07,2.8413686e-07,1.0095047e-06,1.1317961e-05,0.00011338129,0.00026914,0.00033297413,0.00091856514,0.0,38.97585487542496,15.570045911490832,"[8.8191609e-06 6.9889172e-10 4.6631154e-10 ... 8.1737646e-08 1.6512163e-07
 2.0641380e-07]","[0.00000000e+00 1.66666667e-02 3.33333333e-02 ... 6.39500000e+01
 6.39666667e+01 6.39833333e+01]"
sub-038,lab_3,EMG,Artifact,4.0307222e-07,2.0725318e-05,2.3234912e-07,-0.00039822177,0.0003888851,4.295388e-10,0.17108124,6.885148,231936,30.2,3.187254591991885e-07,4.874189826680296e-07,1.8820415e-08,2.8435812e-07,1.4105409e-06,3.1762675e-06,4.3586047e-06,4.275666e-06,3.5581868e-06,1.4783863e-06,2.2336975e-05,0.000110801186,0.000249503,0.00034237828,0.012730378,38.016666666666666,38.96573529980129,14.820163294461121,"[9.7237044e-06 1.1018551e-08 1.1893863e-08 ... 2.9986072e-06 1.7333643e-06
 4.0134232e-06]","[0.00000000e+00 1.66666667e-02 3.33333333e-02 ... 6.39500000e+01
 6.39666667e+01 6.39833333e+01]"
sub-039,lab_3,EEG1,Awake,3.959699e-06,3.13689e-05,4.5101397e-06,-0.00024850754,0.00026276318,9.840081e-10,-0.12621407,0.84562325,733184,95.46666666666667,3.8878960230388536e-06,4.031501807807866e-06,2.8282862e-05,3.222082e-05,1.898389e-05,6.1938545e-06,1.1275085e-09,2.6643177e-10,2.1456381e-10,0.0011333192,0.0012911167,0.0007607012,0.00024819322,4.518026e-08,0.024955777,0.0,8.591200787845684,6.619786561610029,"[9.2180801e-04 2.4260743e-07 2.6884967e-07 ... 2.2149023e-10 1.9720059e-10
 2.0179609e-10]","[0.00000000e+00 1.66666667e-02 3.33333333e-02 ... 6.39500000e+01
 6.39666667e+01 6.39833333e+01]"
sub-039,lab_3,EEG1,NREM,3.9533375e-06,5.844355e-05,3.0143283e-06,-0.00039998812,0.000378,3.4156489e-09,0.057269353,0.36575055,881664,114.8,3.831344718029989e-06,4.075330191433629e-06,0.00019619914,0.00018543623,7.0926624e-05,1.49345005e-05,6.1046466e-09,4.0474086e-09,3.5911971e-09,0.0016497736,0.001559272,0.0005963985,0.00012557927,5.1331952e-08,0.118924886,0.0,6.715511924764258,5.040924864959329,"[9.3370612e-04 4.6852847e-07 5.9708185e-07 ... 3.6159349e-09 3.9382213e-09
 3.7077239e-09]","[0.00000000e+00 1.66666667e-02 3.33333333e-02 ... 6.39500000e+01
 6.39666667e+01 6.39833333e+01]"
sub-039,lab_3,EEG1,REM,3.9522824e-06,3.4538203e-05,4.5694974e-06,-0.00020993697,0.00021646424,1.1928875e-09,-0.08454786,0.51326585,229376,29.866666666666667,3.810938529824466e-06,4.093626351931039e-06,5.3913413e-05,6.10762e-05,2.5336083e-05,6.5556787e-06,2.5260787e-09,1.3954573e-09,1.2031051e-09,0.001377399,0.0015603964,0.0006472952,0.0001674868,6.4537154e-08,0.039141465,0.0,7.586048840388864,5.718076021764422,"[9.1573491e-04 2.8259325e-07 1.4785658e-07 ... 1.2336205e-09 1.2138601e-09
 1.0541721e-09]","[0.00000000e+00 1.66666667e-02 3.33333333e-02 ... 6.39500000e+01
 6.39666667e+01 6.39833333e+01]"
sub-039,lab_3,EEG1,Artifact,3.394697e-06,5.9548674e-05,1.1581598e-06,-0.00016599405,0.00023893705,3.5460446e-09,0.35833427,1.1108236,512,0.06666666666666667,-1.7806513667833824e-06,8.570045231675574e-06,1.2981259e-05,1.15497905e-05,3.108117e-06,9.1114646e-07,4.9127644e-09,3.6523733e-09,3.1235945e-09,0.027984368,0.024898479,0.0067003276,0.0019642054,1.0590699e-05,0.00046387536,2.75,6.6724301889358095,5.433754952753931,"[3.02093849e-06 9.10194501e-07 1.40872118e-07 7.73721149e-06
 1.01373626e-05 1.02297668e-06 1.22165329e-05 3.50280038e-06
 3.47128776e-06 2.10451472e-05 1.78475893e-05 3.94525705e-05
 1.90435258e-05 3.88127273e-06 3.93325217e-06 1.47927958e-05
 3.64936895e-05 6.97724408e-06 1.12620946e-05 7.78623019e-07
 2.35623847e-05 1.93892865e-05 7.76425441e-06 1.53876749e-06
 1.66179198e-05 1.16757144e-06 1.17801790e-06 6.75466663e-06
 4.52780705e-06 1.56960705e-05 3.66483118e-06 2.83587615e-05
 1.06144525e-05 3.48080471e-06 7.29216936e-06 6.24164386e-06
 5.21801439e-07 3.40605789e-06 2.23865959e-06 1.96800966e-06
 6.87079410e-06 1.93472124e-06 1.14428566e-07 2.19450249e-06
 1.57591231e-07 2.38555867e-06 2.34284335e-06 9.87918384e-07
 8.60306386e-08 1.87248747e-06 5.25898940e-06 1.46691696e-06
 1.27999272e-06 2.70266310e-06 1.15441696e-06 7.75478441e-07
 2.45997876e-06 1.37069026e-06 1.67235464e-06 4.30685895e-06
 1.70095598e-06 6.42137081e-07 2.34345748e-06 2.24555919e-07
 9.09141988e-08 6.87164530e-08 3.23101312e-06 1.56399480e-07
 1.80586130e-06 4.46901311e-07 1.01621913e-06 3.16845103e-07
 5.63120011e-07 2.42065744e-06 1.89223300e-07 2.78967195e-06
 9.47870831e-07 1.04691389e-06 2.95515724e-06 3.48806253e-07
 9.56014787e-07 2.52734890e-06 5.84443853e-07 1.23828812e-07
 9.17910484e-07 2.75536554e-08 3.01775003e-06 2.37108497e-06
 2.57886398e-07 4.92706604e-08 4.08190779e-08 9.61691971e-09
 6.83873580e-08 1.00034663e-06 7.12807548e-07 7.05191383e-07
 2.50709491e-07 1.62024349e-07 9.96429776e-07 1.97757316e-07
 1.50363960e-07 1.06626123e-06 3.20168766e-07 6.27921963e-07
 4.63090799e-07 5.07761854e-07 1.60056601e-07 2.67297491e-08
 1.99628886e-07 9.59135704e-08 1.94472403e-08 2.15709903e-08
 1.04748406e-08 3.93628028e-08 8.32474978e-09 7.05671610e-09
 1.67143117e-08 4.07353546e-08 1.91685494e-08 7.90726062e-09
 1.55946278e-08 2.16179252e-08 1.91718499e-08 1.01223896e-09
 2.16230180e-08 6.05836314e-09 4.76005857e-09 7.02724501e-09
 9.05218744e-09 7.66927943e-09 8.45175929e-09 8.06430744e-09
 6.79147760e-09 6.06483441e-09 6.80165435e-09 7.02701319e-09
 7.14419679e-09 5.90460658e-09 6.82550239e-09 6.51508136e-09
 6.69600064e-09 5.91574123e-09 6.32601527e-09 5.95174043e-09
 6.21668983e-09 6.50182841e-09 5.77809667e-09 5.97051120e-09
 6.20748430e-09 5.68261349e-09 6.27867358e-09 5.77797588e-09
 5.82606985e-09 5.80366022e-09 4.54676785e-09 5.69606806e-09
 4.62959360e-09 5.52480239e-09 5.41616441e-09 5.32662137e-09
 6.08237993e-09 4.82494977e-09 5.49718182e-09 5.59034241e-09
 4.72577799e-09 5.69398928e-09 5.35659606e-09 4.41563097e-09
 5.24918464e-09 4.84103868e-09 4.63818806e-09 4.48070114e-09
 4.09713241e-09 4.12552659e-09 4.58726701e-09 4.25836877e-09
 4.96382846e-09 4.43202497e-09 4.29212843e-09 4.64199923e-09
 3.94190147e-09 3.95419164e-09 4.60213867e-09 4.35362058e-09
 4.26083169e-09 4.52717508e-09 3.70397135e-09 4.10716305e-09
 3.78907927e-09 4.17075441e-09 4.32755476e-09 4.19308988e-09
 4.18553503e-09 4.12828882e-09 4.86808682e-09 3.50342666e-09
 3.66707198e-09 4.21335500e-09 3.47051476e-09 3.81886833e-09
 3.76731579e-09 3.69148290e-09 3.51368601e-09 4.13016776e-09
 3.55416097e-09 3.65174091e-09 3.29070193e-09 3.21992855e-09
 3.47452533e-09 3.08971515e-09 3.28140382e-09 3.80651599e-09
 3.38575323e-09 3.46883766e-09 3.48512685e-09 3.55840801e-09
 3.40073880e-09 3.86754584e-09 3.31701688e-09 3.75912457e-09
 3.20271609e-09 3.35813177e-09 3.88224031e-09 3.37259420e-09
 3.25055516e-09 3.81503762e-09 3.66981889e-09 3.27947380e-09
 3.24576765e-09 3.44916740e-09 3.49623486e-09 3.69098863e-09
 3.01876413e-09 3.49473095e-09 3.49588514e-09 3.10637160e-09
 3.35994121e-09 3.64322483e-09 1.29454147e-09 3.41653106e-09
 3.30515615e-09 3.28970473e-09 3.13011883e-09 3.01401792e-09
 3.65911368e-09 3.41613138e-09 3.29814798e-09 3.44553186e-09
 3.26623661e-09 3.22626725e-09 3.20355809e-09 3.42809514e-09
 3.34698580e-09 3.41159945e-09 3.46523010e-09 3.14224913e-09]","[ 0.    0.25  0.5   0.75  1.    1.25  1.5   1.75  2.    2.25  2.5   2.75
  3.    3.25  3.5   3.75  4.    4.25  4.5   4.75  5.    5.25  5.5   5.75
  6.    6.25  6.5   6.75  7.    7.25  7.5   7.75  8.    8.25  8.5   8.75
  9.    9.25  9.5   9.75 10.   10.25 10.5  10.75 11.   11.25 11.5  11.75
 12.   12.25 12.5  12.75 13.   13.25 13.5  13.75 14.   14.25 14.5  14.75
 15.   15.25 15.5  15.75 16.   16.25 16.5  16.75 17.   17.25 17.5  17.75
 18.   18.25 18.5  18.75 19.   19.25 19.5  19.75 20.   20.25 20.5  20.75
 21.   21.25 21.5  21.75 22.   22.25 22.5  22.75 23.   23.25 23.5  23.75
 24.   24.25 24.5  24.75 25.   25.25 25.5  25.75 26.   26.25 26.5  26.75
 27.   27.25 27.5  27.75 28.   28.25 28.5  28.75 29.   29.25 29.5  29.75
 30.   30.25 30.5  30.75 31.   31.25 31.5  31.75 32.   32.25 32.5  32.75
 33.   33.25 33.5  33.75 34.   34.25 34.5  34.75 35.   35.25 35.5  35.75
 36.   36.25 36.5  36.75 37.   37.25 37.5  37.75 38.   38.25 38.5  38.75
 39.   39.25 39.5  39.75 40.   40.25 40.5  40.75 41.   41.25 41.5  41.75
 42.   42.25 42.5  42.75 43.   43.25 43.5  43.75 44.   44.25 44.5  44.75
 45.   45.25 45.5  45.75 46.   46.25 46.5  46.75 47.   47.25 47.5  47.75
 48.   48.25 48.5  48.75 49.   49.25 49.5  49.75 50.   50.25 50.5  50.75
 51.   51.25 51.5  51.75 52.   52.25 52.5  52.75 53.   53.25 53.5  53.75
 54.   54.25 54.5  54.75 55.   55.25 55.5  55.75 56.   56.25 56.5  56.75
 57.   57.25 57.5  57.75 58.   58.25 58.5  58.75 59.   59.25 59.5  59.75
 60.   60.25 60.5  60.75 61.   61.25 61.5  61.75 62.   62.25 62.5  62.75
 63.   63.25 63.5  63.75]"
sub-039,lab_3,EEG2,Awake,3.7043746e-06,5.6752637e-05,3.6813917e-06,-0.0002847883,0.00037661984,3.2208618e-09,0.02532836,0.12369275,733184,95.46666666666667,3.5744688114751773e-06,3.834280486135307e-06,9.467772e-05,0.00019085177,6.9576265e-05,1.1533602e-05,4.723966e-09,2.9520861e-09,2.7383853e-09,0.000997597,0.0020109606,0.00073310884,0.00012152687,4.9775327e-08,0.09490578,0.0,7.336289830138549,4.984469603326341,"[8.0892781e-04 1.8601224e-07 2.6199490e-07 ... 2.5945286e-09 2.7600948e-09
 2.7090232e-09]","[0.00000000e+00 1.66666667e-02 3.33333333e-02 ... 6.39500000e+01
 6.39666667e+01 6.39833333e+01]"
sub-039,lab_3,EEG2,NREM,3.7129198e-06,9.666006e-05,3.78851e-06,-0.0004,0.00038,9.343166e-09,0.002560217,0.17009974,881664,114.8,3.511155475778498e-06,3.9146841367730014e-06,0.0005967232,0.0004292614,0.0002208439,2.9043435e-05,1.2162694e-08,8.753909e-09,6.914028e-09,0.001905649,0.0013708558,0.0007052699,9.275086e-05,3.8841836e-08,0.31313387,2.716666666666667,6.225057885985649,4.507107001325136,"[8.2570984e-04 7.4258287e-07 9.1574685e-07 ... 7.4692323e-09 8.8646797e-09
 6.7449202e-09]","[0.00000000e+00 1.66666667e-02 3.33333333e-02 ... 6.39500000e+01
 6.39666667e+01 6.39833333e+01]"
sub-039,lab_3,EEG2,REM,3.7290486e-06,6.3219246e-05,4.8477914e-06,-0.00036243716,0.000292401,3.9966728e-09,-0.03763817,-0.25312328,229376,29.866666666666667,3.470330560590879e-06,3.987766555295752e-06,7.874402e-05,0.00027248962,0.00012104898,1.2667533e-05,4.7535758e-09,2.9416833e-09,2.5836633e-09,0.00063268165,0.0021893622,0.0009725877,0.000101779355,3.8193377e-08,0.124460734,7.833333333333333,7.758788338276256,4.178645903680748,"[8.3052769e-04 3.9854490e-07 6.4622236e-07 ... 3.5187362e-09 2.4499474e-09
 3.0296818e-09]","[0.00000000e+00 1.66666667e-02 3.33333333e-02 ... 6.39500000e+01
 6.39666667e+01 6.39833333e+01]"
sub-039,lab_3,EEG2,Artifact,-7.941926e-06,9.519105e-05,-5.9424506e-06,-0.00032685054,0.00020865409,9.061336e-09,-0.26331338,-0.2751422,512,0.06666666666666667,-1.621493724179922e-05,3.3108521257995015e-07,3.3974942e-05,2.3327519e-05,1.0518361e-05,1.4254423e-06,1.031215e-08,8.810392e-09,8.223709e-09,0.029039895,0.019939069,0.008990511,0.001218389,8.814254e-06,0.0011699402,0.75,5.600255396776018,5.072986273437491,"[1.65345209e-05 1.77433521e-05 4.05701394e-05 9.33813571e-05
 7.66069206e-05 3.69906920e-05 3.81318969e-05 4.41916063e-06
 1.29337386e-05 1.49230373e-05 6.58168938e-05 2.90999251e-05
 2.85029455e-05 1.56698370e-05 2.16760945e-05 1.23309010e-05
 1.85705667e-05 2.65258059e-05 3.75584023e-05 1.07447268e-05
 8.52978133e-07 4.72706633e-05 1.74410779e-05 1.37521311e-05
 4.90997736e-05 5.90467171e-05 1.18572816e-05 1.61079624e-05
 2.63211750e-05 3.11227086e-05 5.30585476e-06 2.35567168e-05
 1.43324667e-06 1.13504011e-05 3.48818285e-05 1.27864187e-05
 3.70908601e-05 6.46001354e-06 1.31370998e-05 9.09214214e-06
 4.01948773e-06 7.67557776e-06 7.51855487e-06 1.82727433e-06
 1.27026333e-05 4.27903615e-06 6.84283464e-07 1.33775602e-05
 4.95711390e-07 9.43790212e-07 6.20080300e-06 1.27596093e-06
 7.52477604e-07 2.43423892e-06 6.33939590e-06 2.34417894e-06
 6.99695704e-07 1.57053535e-06 3.69737586e-06 1.45802028e-06
 6.14048417e-07 1.69395287e-06 2.97550196e-06 7.67341498e-06
 2.34769891e-06 1.23364669e-06 8.79303116e-06 3.16541195e-06
 1.68667285e-07 3.68651371e-07 5.89627780e-06 4.35187394e-06
 5.14158671e-07 7.19038042e-07 3.60313095e-07 3.99832857e-07
 2.40412191e-07 1.97934014e-06 5.71594363e-08 1.38562996e-06
 2.01034004e-06 5.07319385e-07 9.55522864e-07 3.65161350e-06
 3.14210115e-06 9.50797130e-07 1.82959616e-06 8.43162752e-07
 2.92784534e-06 1.60140360e-06 1.85544138e-06 3.22503894e-07
 1.92831251e-07 9.22398215e-07 3.50569387e-08 2.30893448e-07
 2.82079441e-06 5.94002394e-08 5.17051824e-08 8.89428520e-07
 2.81507113e-07 1.85651663e-06 4.74641446e-08 3.22071315e-07
 1.15731746e-06 4.55349635e-07 1.93544480e-07 6.80537369e-08
 6.03777028e-11 2.17344208e-07 5.70171643e-08 2.03294221e-07
 4.38797301e-08 1.82647426e-08 4.09468477e-08 7.83635556e-09
 4.22469846e-08 2.06762731e-08 2.73337051e-08 2.21443930e-08
 2.40179148e-08 8.96959129e-09 4.31609681e-09 3.75825131e-08
 1.29692923e-08 1.41741872e-08 1.34307481e-08 1.59131499e-08
 1.35386289e-08 1.07355973e-08 1.46320662e-08 1.78140294e-08
 1.41583030e-08 1.28756419e-08 1.53913078e-08 1.39610137e-08
 1.49211630e-08 1.41309027e-08 1.35230476e-08 1.32855158e-08
 1.35167175e-08 1.33818032e-08 1.23949899e-08 1.19316841e-08
 1.32974014e-08 1.08868772e-08 1.22386563e-08 1.29981004e-08
 1.20393961e-08 1.31619426e-08 1.23664652e-08 1.20218875e-08
 1.16138770e-08 1.15820749e-08 1.19515811e-08 1.12229035e-08
 1.13822889e-08 1.07057057e-08 1.07767129e-08 1.09647331e-08
 1.10854961e-08 1.06066391e-08 1.06217541e-08 1.08393188e-08
 1.10153984e-08 1.06316236e-08 1.02053566e-08 9.64916413e-09
 1.01526494e-08 1.00537436e-08 1.04394937e-08 9.49599599e-09
 1.14966063e-08 9.56731672e-09 1.03834585e-08 8.73026984e-09
 1.01357740e-08 8.47858050e-09 9.21502696e-09 1.00374740e-08
 9.79577308e-09 9.05125574e-09 9.52657420e-09 1.00308775e-08
 1.09234977e-08 9.31536359e-09 9.48382439e-09 9.94770311e-09
 9.56672519e-09 9.84787629e-09 9.40449141e-09 1.10857954e-08
 9.24895449e-09 9.18294951e-09 8.38694270e-09 8.58155502e-09
 1.02077484e-08 9.03913744e-09 9.10619846e-09 9.09274611e-09
 8.12992251e-09 9.27266797e-09 8.45042791e-09 9.63143520e-09
 8.26363156e-09 8.31878921e-09 8.95574015e-09 9.27797306e-09
 8.52852189e-09 8.43218206e-09 8.34425151e-09 8.78564421e-09
 8.92123975e-09 8.09485279e-09 9.76352954e-09 8.39065617e-09
 8.78416007e-09 7.96649324e-09 8.31836022e-09 9.37742684e-09
 8.44283576e-09 7.89728194e-09 8.46317949e-09 8.86419471e-09
 8.36069614e-09 8.26960544e-09 8.88409168e-09 8.67714167e-09
 8.89494878e-09 7.59672059e-09 8.28647462e-09 8.35131964e-09
 7.60407914e-09 7.69378872e-09 8.37222558e-09 7.95886113e-09
 7.49687956e-09 8.08710077e-09 1.18082815e-08 7.68778197e-09
 7.83588572e-09 7.86269272e-09 8.00426836e-09 7.55365104e-09
 7.67683694e-09 8.46800496e-09 7.72464137e-09 7.45837880e-09
 7.47277529e-09 7.78019693e-09 7.56052732e-09 8.96917296e-09
 7.66978925e-09 7.99153632e-09 8.16468759e-09 8.11036927e-09]","[ 0.    0.25  0.5   0.75  1.    1.25  1.5   1.75  2.    2.25  2.5   2.75
  3.    3.25  3.5   3.75  4.    4.25  4.5   4.75  5.    5.25  5.5   5.75
  6.    6.25  6.5   6.75  7.    7.25  7.5   7.75  8.    8.25  8.5   8.75
  9.    9.25  9.5   9.75 10.   10.25 10.5  10.75 11.   11.25 11.5  11.75
 12.   12.25 12.5  12.75 13.   13.25 13.5  13.75 14.   14.25 14.5  14.75
 15.   15.25 15.5  15.75 16.   16.25 16.5  16.75 17.   17.25 17.5  17.75
 18.   18.25 18.5  18.75 19.   19.25 19.5  19.75 20.   20.25 20.5  20.75
 21.   21.25 21.5  21.75 22.   22.25 22.5  22.75 23.   23.25 23.5  23.75
 24.   24.25 24.5  24.75 25.   25.25 25.5  25.75 26.   26.25 26.5  26.75
 27.   27.25 27.5  27.75 28.   28.25 28.5  28.75 29.   29.25 29.5  29.75
 30.   30.25 30.5  30.75 31.   31.25 31.5  31.75 32.   32.25 32.5  32.75
 33.   33.25 33.5  33.75 34.   34.25 34.5  34.75 35.   35.25 35.5  35.75
 36.   36.25 36.5  36.75 37.   37.25 37.5  37.75 38.   38.25 38.5  38.75
 39.   39.25 39.5  39.75 40.   40.25 40.5  40.75 41.   41.25 41.5  41.75
 42.   42.25 42.5  42.75 43.   43.25 43.5  43.75 44.   44.25 44.5  44.75
 45.   45.25 45.5  45.75 46.   46.25 46.5  46.75 47.   47.25 47.5  47.75
 48.   48.25 48.5  48.75 49.   49.25 49.5  49.75 50.   50.25 50.5  50.75
 51.   51.25 51.5  51.75 52.   52.25 52.5  52.75 53.   53.25 53.5  53.75
 54.   54.25 54.5  54.75 55.   55.25 55.5  55.75 56.   56.25 56.5  56.75
 57.   57.25 57.5  57.75 58.   58.25 58.5  58.75 59.   59.25 59.5  59.75
 60.   60.25 60.5  60.75 61.   61.25 61.5  61.75 62.   62.25 62.5  62.75
 63.   63.25 63.5  63.75]"
sub-039,lab_3,EMG,Awake,-7.1184184e-07,1.3116897e-05,-7.495537e-07,-0.0004999857,0.000438,1.72053e-10,0.45533788,216.74013,733184,95.46666666666667,-7.418661924338718e-07,-6.818174780756184e-07,6.6976774e-08,6.376291e-07,1.500741e-06,1.3354392e-06,1.3490034e-06,1.552259e-06,1.1514076e-06,1.4186055e-05,0.0001350534,0.0003178653,0.00028285346,0.00028572645,0.004721311,0.0,34.26987483323795,16.92636420880586,"[2.9908228e-05 1.3170006e-08 1.0938621e-08 ... 1.1230943e-06 6.3593302e-07
 7.6256828e-07]","[0.00000000e+00 1.66666667e-02 3.33333333e-02 ... 6.39500000e+01
 6.39666667e+01 6.39833333e+01]"
sub-039,lab_3,EMG,NREM,-7.087597e-07,3.055606e-06,-6.923018e-07,-0.00034889806,0.00023774734,9.336728e-12,-2.2330954,569.5095,881664,114.8,-7.151378779475055e-07,-7.02381578533881e-07,8.8871427e-10,1.856667e-08,5.507905e-08,7.7298694e-08,1.4247361e-07,1.4071664e-07,1.439484e-07,2.268201e-06,4.7386362e-05,0.00014057425,0.00019728384,0.00036362503,0.00039181462,0.0,37.53237354988601,17.842556521301486,"[2.9914674e-05 5.0457594e-10 3.9149728e-10 ... 1.0550109e-07 1.5410765e-07
 7.9846110e-08]","[0.00000000e+00 1.66666667e-02 3.33333333e-02 ... 6.39500000e+01
 6.39666667e+01 6.39833333e+01]"
sub-039,lab_3,EMG,REM,-7.0819357e-07,2.6744874e-06,-6.636759e-07,-2.2490944e-05,2.8119692e-05,7.1528833e-12,-0.08991018,3.3736582,229376,29.866666666666667,-7.191386213496398e-07,-6.972485142280394e-07,5.9044986e-10,1.24247705e-08,2.7748772e-08,3.099504e-08,4.078565e-08,3.7197047e-08,2.4396464e-08,4.674139e-06,9.8357385e-05,0.00021966576,0.00024536398,0.00032286873,0.0001263227,0.0,28.485637096277767,19.177272229356568,"[2.9704994e-05 4.2785983e-10 2.5718014e-10 ... 1.9159575e-08 1.9470232e-08
 1.4389839e-08]","[0.00000000e+00 1.66666667e-02 3.33333333e-02 ... 6.39500000e+01
 6.39666667e+01 6.39833333e+01]"
sub-039,lab_3,EMG,Artifact,3.4160157e-06,3.1130915e-06,3.5011903e-06,-7.199588e-06,1.2844038e-05,9.691338e-12,-0.5046291,1.2686181,512,0.06666666666666667,3.1454583321365805e-06,3.6865730991220756e-06,7.30262e-11,2.044664e-09,2.3879922e-09,7.145681e-09,5.059805e-09,4.475024e-09,5.0515716e-09,5.75869e-05,0.0016123783,0.0018831197,0.0056349314,0.003990054,1.2681044e-06,0.0,10.29720717053652,18.211820788122115,"[3.05900107e-06 9.40450495e-12 1.40581730e-11 6.29229871e-12
 4.89991858e-12 9.39146764e-12 7.44583284e-11 8.30774477e-11
 3.00582684e-11 4.45375091e-11 1.37515485e-11 5.69459271e-11
 1.23886124e-10 5.21882260e-11 3.37707806e-10 2.32702593e-10
 1.14374126e-11 6.89595811e-11 1.98309744e-10 4.55805532e-10
 6.67390657e-11 1.18295748e-10 2.05213520e-11 2.33836284e-09
 3.53197671e-09 6.15009155e-10 1.40611889e-09 4.58837801e-10
 3.20462945e-09 1.97338604e-10 2.06147610e-09 5.04155828e-09
 1.49639146e-08 5.33808908e-09 1.26848976e-09 1.80261039e-09
 2.74802114e-09 3.26405281e-09 1.77781456e-09 2.54993887e-10
 1.39161382e-09 3.96112254e-10 8.84635976e-10 2.05476347e-09
 1.47823309e-09 1.55013724e-09 9.78176984e-11 7.52798823e-10
 5.71770964e-10 3.33908373e-10 1.58450503e-10 1.33345501e-09
 4.39821557e-09 4.41796377e-09 2.16863261e-09 4.25362051e-10
 3.87379639e-09 1.01419206e-09 9.51180557e-09 4.83810725e-09
 5.54403101e-09 1.65222680e-08 1.52079593e-08 1.01442117e-08
 4.70927963e-09 4.80872675e-09 9.36628641e-09 9.21058252e-09
 1.49529900e-08 3.06343684e-09 9.46714707e-09 1.29274751e-08
 1.46680584e-10 7.84809717e-10 3.54661651e-08 1.47843719e-08
 2.54270799e-10 3.10508530e-09 2.69262124e-09 3.60940855e-09
 1.14056489e-08 9.12543108e-09 2.40069520e-10 2.75289569e-09
 7.17294713e-09 1.12952030e-08 4.54231142e-09 1.15024408e-08
 6.78596690e-09 7.03984337e-09 7.18465865e-09 7.79914633e-10
 6.46152076e-10 3.29644969e-08 5.94349325e-09 4.41318226e-09
 5.70706282e-09 1.84913838e-11 1.26928290e-08 5.62747049e-09
 1.42836134e-08 2.72824296e-09 3.58512464e-09 7.60054952e-09
 1.02253379e-08 1.03831335e-08 3.78146225e-08 2.84382673e-09
 3.70233710e-09 3.84808896e-09 3.59303448e-10 2.04494786e-08
 8.07171929e-09 1.15870984e-08 3.26156568e-09 7.16773485e-09
 2.08837433e-10 6.68816025e-09 5.43168799e-09 1.17299592e-09
 2.56724952e-09 9.16594267e-09 8.36259151e-09 4.44177112e-10
 2.10590301e-09 1.63717692e-10 4.82751217e-09 8.93035335e-09
 4.93585439e-09 5.54338087e-09 5.63143310e-10 9.39010381e-09
 2.32127118e-09 2.39043696e-09 3.30624172e-09 3.36729222e-09
 6.83176404e-09 1.46126489e-08 6.78651224e-09 4.48422499e-09
 2.74048850e-09 3.04450598e-09 1.07590230e-08 9.72839498e-09
 4.89369789e-09 1.17345076e-08 6.04516126e-09 4.01098488e-09
 4.17017532e-09 1.23620103e-09 2.08698880e-09 4.96867603e-10
 3.04031333e-09 1.58160884e-09 3.25977512e-09 9.93736871e-10
 2.24670393e-09 2.43949000e-10 4.75779083e-10 1.59913449e-09
 1.77796822e-09 1.09048548e-08 4.72233941e-09 2.51151899e-09
 2.52244114e-09 8.81324902e-10 3.90180244e-09 4.14214796e-09
 1.37416900e-09 1.18060850e-08 2.07039452e-09 5.56387714e-10
 3.53438279e-09 1.01424984e-08 7.42832684e-09 1.68111536e-09
 1.08451372e-08 9.52769597e-09 8.13282497e-10 5.70829961e-09
 1.46362367e-09 1.06542808e-09 5.04999509e-09 1.00930353e-09
 5.27961896e-10 6.14575890e-10 2.22326779e-09 2.76596857e-09
 7.11140924e-09 3.14309717e-10 7.18295690e-09 4.66218353e-09
 8.24199198e-09 9.43405265e-09 3.35493988e-09 1.41475320e-08
 2.42972220e-09 7.36734174e-10 4.32562786e-09 1.15077325e-08
 5.43476264e-10 1.00358344e-09 4.99469754e-09 8.41090930e-09
 1.89231786e-09 1.40440850e-08 1.04079350e-08 1.49488653e-08
 2.53876364e-09 8.28714164e-09 1.14740653e-08 1.84779525e-10
 1.25035742e-08 1.81609217e-09 4.67831718e-10 3.51012081e-10
 1.21271315e-09 3.69607789e-10 5.97579142e-09 8.83008244e-09
 7.91119947e-10 6.82504164e-10 1.11358762e-08 3.46273477e-09
 2.60324580e-08 5.38762901e-09 8.61819505e-09 1.22867405e-08
 1.30359759e-08 4.50875426e-09 1.47437920e-08 3.34709394e-09
 1.29672051e-09 3.77123416e-10 5.69131453e-09 1.17715784e-08
 1.04387183e-08 2.24155050e-09 6.88956625e-09 7.46556506e-09
 5.21202104e-09 3.06326298e-10 6.61371802e-09 2.98277647e-09
 3.31390027e-09 3.67618630e-10 4.38518022e-09 1.44383261e-09
 8.01442290e-09 1.23525652e-08 7.48354712e-10 6.02528294e-09
 3.43122397e-09 7.91700749e-09 2.04765827e-09 1.99943906e-09]","[ 0.    0.25  0.5   0.75  1.    1.25  1.5   1.75  2.    2.25  2.5   2.75
  3.    3.25  3.5   3.75  4.    4.25  4.5   4.75  5.    5.25  5.5   5.75
  6.    6.25  6.5   6.75  7.    7.25  7.5   7.75  8.    8.25  8.5   8.75
  9.    9.25  9.5   9.75 10.   10.25 10.5  10.75 11.   11.25 11.5  11.75
 12.   12.25 12.5  12.75 13.   13.25 13.5  13.75 14.   14.25 14.5  14.75
 15.   15.25 15.5  15.75 16.   16.25 16.5  16.75 17.   17.25 17.5  17.75
 18.   18.25 18.5  18.75 19.   19.25 19.5  19.75 20.   20.25 20.5  20.75
 21.   21.25 21.5  21.75 22.   22.25 22.5  22.75 23.   23.25 23.5  23.75
 24.   24.25 24.5  24.75 25.   25.25 25.5  25.75 26.   26.25 26.5  26.75
 27.   27.25 27.5  27.75 28.   28.25 28.5  28.75 29.   29.25 29.5  29.75
 30.   30.25 30.5  30.75 31.   31.25 31.5  31.75 32.   32.25 32.5  32.75
 33.   33.25 33.5  33.75 34.   34.25 34.5  34.75 35.   35.25 35.5  35.75
 36.   36.25 36.5  36.75 37.   37.25 37.5  37.75 38.   38.25 38.5  38.75
 39.   39.25 39.5  39.75 40.   40.25 40.5  40.75 41.   41.25 41.5  41.75
 42.   42.25 42.5  42.75 43.   43.25 43.5  43.75 44.   44.25 44.5  44.75
 45.   45.25 45.5  45.75 46.   46.25 46.5  46.75 47.   47.25 47.5  47.75
 48.   48.25 48.5  48.75 49.   49.25 49.5  49.75 50.   50.25 50.5  50.75
 51.   51.25 51.5  51.75 52.   52.25 52.5  52.75 53.   53.25 53.5  53.75
 54.   54.25 54.5  54.75 55.   55.25 55.5  55.75 56.   56.25 56.5  56.75
 57.   57.25 57.5  57.75 58.   58.25 58.5  58.75 59.   59.25 59.5  59.75
 60.   60.25 60.5  60.75 61.   61.25 61.5  61.75 62.   62.25 62.5  62.75
 63.   63.25 63.5  63.75]"
sub-040,lab_3,EEG1,Awake,2.6566381e-06,4.649007e-05,2.4251165e-06,-0.00045963752,0.00033382588,2.1613267e-09,0.045892213,1.7850742,5082624,661.8,2.6162210803391027e-06,2.69705515287066e-06,0.000102978025,6.3280124e-05,4.043192e-05,9.684162e-06,1.4438063e-08,1.0599098e-08,4.249402e-09,0.0018034278,0.0011082087,0.0007080739,0.00016959626,2.5285013e-07,0.057101272,0.0,7.13698532833459,6.265253015587679,"[3.8371218e-04 1.0136157e-05 1.2916874e-05 ... 4.6728594e-09 4.5778537e-09
 4.9420796e-09]","[0.00000000e+00 1.66666667e-02 3.33333333e-02 ... 6.39500000e+01
 6.39666667e+01 6.39833333e+01]"
sub-040,lab_3,EEG1,NREM,2.6154235e-06,7.705081e-05,2.8458075e-07,-0.00040411102,0.000288709,5.936828e-09,0.2515075,0.6771512,5104640,664.6666666666666,2.5485824607264137e-06,2.682264448672265e-06,0.0004347915,0.00023819068,9.827232e-05,2.1214146e-05,1.3627315e-08,6.0463288e-09,3.220538e-09,0.0022255972,0.001219243,0.0005030333,0.000108590306,6.9755075e-08,0.19535948,1.8499999999999999,5.936557986199548,5.065991178858442,"[4.0423084e-04 1.7928487e-06 3.0254537e-06 ... 1.9952213e-09 2.1953774e-09
 1.8724911e-09]","[0.00000000e+00 1.66666667e-02 3.33333333e-02 ... 6.39500000e+01
 6.39666667e+01 6.39833333e+01]"
sub-040,lab_3,EEG1,REM,2.6824612e-06,4.384621e-05,2.7563897e-06,-0.00033915596,0.00028351057,1.92249e-09,0.022363938,0.82086897,585728,76.26666666666667,2.5701731581401393e-06,2.79474918645715e-06,0.000114333045,8.117425e-05,4.439518e-05,9.63668e-06,5.5613194e-09,3.2848924e-09,2.9140668e-09,0.0017684215,0.0012555451,0.00068667275,0.00014905326,8.6018495e-08,0.0646526,0.0,7.01127938414195,5.842407381713407,"[4.2195554e-04 1.6879158e-06 2.4878914e-06 ... 3.1656726e-09 3.4520482e-09
 2.5862761e-09]","[0.00000000e+00 1.66666667e-02 3.33333333e-02 ... 6.39500000e+01
 6.39666667e+01 6.39833333e+01]"
sub-040,lab_3,EEG1,Artifact,4.631513e-06,7.442696e-05,2.8710613e-06,-0.00049,0.000345,5.5393716e-09,-0.36688426,7.590642,286208,37.266666666666666,4.35884140752439e-06,4.904184778566038e-06,0.00040993077,0.00012925472,5.775684e-05,1.5330015e-05,1.9373664e-07,1.2967286e-07,4.83029e-08,0.0027644676,0.0008716606,0.00038949726,0.00010338167,1.3065101e-06,0.14828561,0.0,4.709771340186173,5.607365227325737,"[1.7771181e-03 2.4454534e-04 5.6739448e-04 ... 3.4454590e-08 3.7475282e-08
 5.8017502e-08]","[0.00000000e+00 1.66666667e-02 3.33333333e-02 ... 6.39500000e+01
 6.39666667e+01 6.39833333e+01]"
sub-040,lab_3,EEG2,Awake,9.249321e-07,4.830202e-05,1.0233463e-06,-0.00046864935,0.0003299247,2.333085e-09,-0.044370532,1.6647778,5082624,661.8,8.829398358059947e-07,9.669244117546229e-07,0.000135035,6.527901e-05,4.1599134e-05,9.075262e-06,1.5083394e-08,1.1010354e-08,4.0449626e-09,0.002111521,0.0010207576,0.0006504791,0.00014190844,2.3585666e-07,0.06395153,0.5666666666666667,6.278215816217311,6.003911339175156,"[4.6771147e-05 4.7313124e-06 4.8757192e-06 ... 2.7239635e-09 3.3370202e-09
 2.3145721e-09]","[0.00000000e+00 1.66666667e-02 3.33333333e-02 ... 6.39500000e+01
 6.39666667e+01 6.39833333e+01]"
sub-040,lab_3,EEG2,NREM,8.862584e-07,7.414384e-05,4.6234837e-07,-0.00041262782,0.00028995035,5.497309e-09,0.0653652,0.77676654,5104640,664.6666666666666,8.219392014409688e-07,9.505776376415587e-07,0.00036779192,0.000229775,9.680994e-05,3.00787e-05,2.3834247e-08,1.23637305e-08,5.4183276e-09,0.0019541823,0.0012208595,0.00051437854,0.00015981663,1.2663808e-07,0.18820758,1.4666666666666666,6.645916725748851,5.674126911289941,"[4.3774642e-05 5.3035292e-06 1.2107365e-05 ... 4.1636667e-09 6.0488339e-09
 4.9846576e-09]","[0.00000000e+00 1.66666667e-02 3.33333333e-02 ... 6.39500000e+01
 6.39666667e+01 6.39833333e+01]"
sub-040,lab_3,EEG2,REM,9.267986e-07,4.9976643e-05,8.1460286e-07,-0.00041207988,0.00028560587,2.4976647e-09,0.021535024,1.4763656,585728,76.26666666666667,7.9881081241664e-07,1.0547863424605668e-06,0.00014334763,0.00011380833,5.2077154e-05,1.3659279e-05,8.026077e-09,5.0765006e-09,4.0161026e-09,0.0016911186,0.0013426339,0.0006143711,0.00016114295,9.4686236e-08,0.08476498,1.6,7.13119652383351,5.860391677207209,"[5.0865921e-05 2.7431483e-06 3.3506672e-06 ... 3.4225334e-09 3.7461199e-09
 3.6778267e-09]","[0.00000000e+00 1.66666667e-02 3.33333333e-02 ... 6.39500000e+01
 6.39666667e+01 6.39833333e+01]"
sub-040,lab_3,EEG2,Artifact,3.4182874e-06,8.300138e-05,1.466926e-06,-0.0005,0.000355,6.8892287e-09,-0.41664925,5.828532,286208,37.266666666666666,3.1142023497669575e-06,3.722372462274405e-06,0.0005010738,0.000127842,5.6187975e-05,1.6879763e-05,1.892285e-07,1.0657279e-07,4.8779405e-08,0.0029767486,0.0007594759,0.0003337981,0.00010027827,1.1241572e-06,0.16832922,0.4166666666666667,4.1544791456389945,5.430295567144023,"[1.2594534e-03 2.9562315e-04 7.0062291e-04 ... 4.1577998e-08 3.1030631e-08
 4.1722480e-08]","[0.00000000e+00 1.66666667e-02 3.33333333e-02 ... 6.39500000e+01
 6.39666667e+01 6.39833333e+01]"
sub-040,lab_3,EMG,Awake,1.00028e-06,1.873353e-05,1.122179e-06,-0.0005199854,0.000438,3.5094516e-10,-0.5277586,35.75341,5082624,661.8,9.839936544353591e-07,1.016566361877743e-06,1.0827667e-07,3.683021e-07,1.4359827e-06,2.1285407e-06,3.9927972e-06,5.8145415e-06,3.4409602e-06,9.936062e-06,3.3797423e-05,0.00013177366,0.00019532659,0.00036640101,0.010897342,0.0,40.41752101406767,15.080410738333725,"[5.74598271e-05 6.53550103e-08 1.16268325e-07 ... 1.43793102e-06
 2.12393411e-06 2.98613031e-06]","[0.00000000e+00 1.66666667e-02 3.33333333e-02 ... 6.39500000e+01
 6.39666667e+01 6.39833333e+01]"
sub-040,lab_3,EMG,NREM,1.018149e-06,4.238882e-06,1.1660334e-06,-0.00033891044,0.00032839316,1.7968122e-11,-0.27879742,43.077827,5104640,664.6666666666666,1.0144717662595134e-06,1.0218261622387296e-06,1.4449216e-09,1.456655e-08,3.931202e-08,1.520299e-07,2.0652419e-07,2.889301e-07,2.0388515e-07,2.413346e-06,2.4329434e-05,6.565997e-05,0.00025392434,0.00034494215,0.00059872126,0.0,36.74771522819117,18.437509710501118,"[6.1356506e-05 5.1563653e-10 3.0474209e-10 ... 8.2994305e-08 1.2172261e-07
 1.7072220e-07]","[0.00000000e+00 1.66666667e-02 3.33333333e-02 ... 6.39500000e+01
 6.39666667e+01 6.39833333e+01]"
sub-040,lab_3,EMG,REM,1.0161355e-06,3.7233278e-06,1.1952696e-06,-3.8580696e-05,5.6013305e-05,1.386317e-11,-0.43427914,4.0226073,585728,76.26666666666667,1.0066001939805552e-06,1.0256707193519127e-06,7.8505313e-10,5.8552e-09,3.5610054e-08,8.813673e-08,9.827962e-08,1.8348155e-07,5.7563266e-08,2.5674324e-06,1.9148805e-05,0.000116458876,0.00028824175,0.000321413,0.00030577363,0.0,31.653094053534613,19.48205062292192,"[6.1228879e-05 9.8345931e-10 4.9424814e-10 ... 5.7666362e-08 6.3295026e-08
 5.7528702e-08]","[0.00000000e+00 1.66666667e-02 3.33333333e-02 ... 6.39500000e+01
 6.39666667e+01 6.39833333e+01]"
sub-040,lab_3,EMG,Artifact,1.0001161e-06,1.7172253e-05,1.1660334e-06,-0.0004939212,0.00040870524,2.9488625e-10,-0.77439845,51.634808,286208,37.266666666666666,9.37203557323037e-07,1.063028586150076e-06,3.8647215e-08,3.323261e-07,1.0765599e-06,1.7712648e-06,2.8744275e-06,3.7760992e-06,2.3072455e-06,4.758382e-06,4.0917166e-05,0.00013254987,0.0002180844,0.0003539097,0.008121924,0.0,39.234544539379634,15.161580993090245,"[5.9912109e-05 3.0982381e-08 3.1237654e-08 ... 1.0996148e-06 1.3440979e-06
 1.0996944e-06]","[0.00000000e+00 1.66666667e-02 3.33333333e-02 ... 6.39500000e+01
 6.39666667e+01 6.39833333e+01]"
sub-041,lab_3,EEG1,Awake,2.577913e-06,3.2079937e-05,3.3002518e-06,-0.00041,0.000262,1.0291223e-09,-0.35718778,3.9601064,798720,104.0,2.507559507724145e-06,2.648266366956741e-06,2.245049e-05,2.7797694e-05,2.410012e-05,5.745186e-06,1.7961829e-09,7.7418455e-10,6.120341e-10,0.0009602565,0.0011889681,0.0010308148,0.00024573418,7.6826666e-08,0.02337968,0.0,8.931401892466415,6.509738342705471,"[3.9438740e-04 3.4795266e-07 3.5968893e-07 ... 6.4077116e-10 7.0039075e-10
 7.5867979e-10]","[0.00000000e+00 1.66666667e-02 3.33333333e-02 ... 6.39500000e+01
 6.39666667e+01 6.39833333e+01]"
sub-041,lab_3,EEG1,NREM,2.6005482e-06,5.372516e-05,3.2387275e-06,-0.00029366766,0.00025649357,2.8863931e-09,-0.12990801,0.4217577,893952,116.4,2.4891778695932944e-06,2.71191855861569e-06,0.00017193853,0.00012366346,5.0765113e-05,1.2302552e-05,3.7986823e-09,2.412988e-09,2.1943471e-09,0.0018837835,0.0013548748,0.0005561899,0.00013478854,4.1618915e-08,0.09127298,3.466666666666667,6.610870579264275,5.265591805633198,"[4.0390249e-04 5.8427884e-07 6.2535258e-07 ... 1.5885510e-09 2.0376791e-09
 1.6005564e-09]","[0.00000000e+00 1.66666667e-02 3.33333333e-02 ... 6.39500000e+01
 6.39666667e+01 6.39833333e+01]"
sub-041,lab_3,EEG1,REM,2.6051912e-06,3.429659e-05,3.9565116e-06,-0.00020315505,0.00019139053,1.1762561e-09,-0.15625298,0.24877596,151040,19.666666666666668,2.432226296168059e-06,2.778156072946027e-06,3.421934e-05,6.6368586e-05,3.1527696e-05,5.81352e-06,3.4900163e-09,2.1764655e-09,1.9713586e-09,0.0009243915,0.001792862,0.0008516801,0.00015704476,9.42783e-08,0.037018236,0.0,8.096054430952929,5.339887375911258,"[4.0165725e-04 4.1185223e-07 3.8283105e-07 ... 2.9826073e-09 2.4777680e-09
 1.5629394e-09]","[0.00000000e+00 1.66666667e-02 3.33333333e-02 ... 6.39500000e+01
 6.39666667e+01 6.39833333e+01]"
sub-041,lab_3,EEG1,Artifact,2.3797809e-06,5.1976433e-05,3.092607e-06,-0.00029167387,0.00029397316,2.7015494e-09,-0.021159397,2.5613804,3072,0.4,5.407634425612776e-07,4.2187983190412485e-06,3.9417435e-05,3.3323347e-05,3.4591405e-05,6.6911257e-06,6.1599787e-09,4.364161e-09,3.9857024e-09,0.0031159928,0.0026342482,0.0027344895,0.00052894105,4.8695324e-07,0.012650041,11.208333333333332,8.462752953855857,5.573808079953413,"[5.3446140e-05 9.6393353e-07 4.2636648e-06 ... 9.8864374e-09 6.3949308e-09
 2.2272215e-10]","[0.00000000e+00 4.16666667e-02 8.33333333e-02 ... 6.38750000e+01
 6.39166667e+01 6.39583333e+01]"
sub-041,lab_3,EEG2,Awake,-4.140185e-08,5.437586e-05,-5.54345e-07,-0.00040991663,0.000266059,2.9567344e-09,0.014269997,0.75440955,798720,104.0,-1.606517163362559e-07,7.784801466312724e-08,0.000104714396,0.00010534376,7.8316756e-05,1.0643882e-05,4.1644115e-09,1.6020135e-09,1.2718717e-09,0.0013503899,0.0013585062,0.0010099676,0.00013726279,5.3703975e-08,0.077543825,8.3,7.510685072268187,5.543642569991246,"[4.2182302e-07 2.8897045e-07 3.2430302e-07 ... 1.2401058e-09 9.4444097e-10
 1.4585227e-09]","[0.00000000e+00 1.66666667e-02 3.33333333e-02 ... 6.39500000e+01
 6.39666667e+01 6.39833333e+01]"
sub-041,lab_3,EEG2,NREM,-1.5137739e-07,9.435231e-05,2.3637904e-06,-0.00041,0.000273,8.902359e-09,-0.215222,0.39182925,893952,116.4,-3.46966377062638e-07,4.4211592264839517e-08,0.00072008814,0.00036633495,0.0001625188,2.6887195e-05,3.6689524e-08,1.973981e-08,1.1920881e-08,0.0023432688,0.0011921058,0.0005288592,8.7494744e-05,1.1939291e-07,0.3073007,3.4166666666666665,5.67641045057141,4.609493364638625,"[5.0765693e-06 9.2540978e-07 1.1537066e-06 ... 8.2082758e-09 1.3165966e-08
 6.4152359e-09]","[0.00000000e+00 1.66666667e-02 3.33333333e-02 ... 6.39500000e+01
 6.39666667e+01 6.39833333e+01]"
sub-041,lab_3,EEG2,REM,-4.91422e-08,5.435596e-05,3.315175e-07,-0.00033395132,0.00026319298,2.9545706e-09,-0.082115345,0.40698195,151040,19.666666666666668,-3.232707109556997e-07,2.2498630811715536e-07,0.00010399436,0.0001625105,8.0254795e-05,1.1405219e-05,6.807468e-09,4.4911594e-09,3.7999266e-09,0.0011238004,0.0017561469,0.00086726213,0.0001232489,7.3563946e-08,0.0925381,7.083333333333333,7.563562214915491,4.864907876220824,"[1.0218093e-06 7.7613839e-07 7.3184253e-07 ... 4.1137422e-09 3.3548999e-09
 4.8315085e-09]","[0.00000000e+00 1.66666667e-02 3.33333333e-02 ... 6.39500000e+01
 6.39666667e+01 6.39833333e+01]"
sub-041,lab_3,EEG2,Artifact,1.3193979e-07,9.414738e-05,2.596994e-06,-0.00040733255,0.00037997405,8.863729e-09,-0.17668207,0.670336,3072,0.4,-3.1991598099830376e-06,3.4630393806219295e-06,0.00021457508,0.00011659927,7.77161e-05,1.1125739e-05,1.1223809e-07,9.029658e-08,7.07102e-08,0.0051543047,0.0028008292,0.0018668171,0.0002672512,2.6960695e-06,0.041630268,1.75,6.4944549871796955,5.1145624885433465,"[1.6428335e-07 2.7854169e-06 5.5048695e-06 ... 8.4008782e-08 1.6294067e-07
 2.4009864e-08]","[0.00000000e+00 4.16666667e-02 8.33333333e-02 ... 6.38750000e+01
 6.39166667e+01 6.39583333e+01]"
sub-041,lab_3,EMG,Awake,9.197386e-07,1.2715966e-05,1.1125658e-06,-0.00044,0.000332,1.6169578e-10,-1.3316481,87.22777,798720,104.0,8.918516698966002e-07,9.476255797355819e-07,2.0229283e-08,2.6601725e-07,1.4299753e-06,1.5682197e-06,1.678552e-06,1.9866782e-06,1.1027437e-06,3.6584095e-06,4.810848e-05,0.00025860706,0.00028360815,0.00030356148,0.0055295294,0.0,35.34766760183058,15.877343470222034,"[5.0183306e-05 7.7439344e-09 7.8034681e-09 ... 6.6180064e-07 9.5697931e-07
 8.5531258e-07]","[0.00000000e+00 1.66666667e-02 3.33333333e-02 ... 6.39500000e+01
 6.39666667e+01 6.39833333e+01]"
sub-041,lab_3,EMG,NREM,9.4354937e-07,2.145568e-06,9.594263e-07,-5.75281e-05,4.352044e-05,4.603462e-12,-0.20033933,9.137261,893952,116.4,9.391016807731034e-07,9.479970525044224e-07,5.8917016e-10,9.113124e-09,2.1600815e-08,9.17476e-08,7.167034e-08,8.06373e-08,6.7490795e-08,2.3306409e-06,3.6049718e-05,8.544856e-05,0.00036293542,0.00028351374,0.0002527932,0.0,29.904826423140285,19.582983907634368,"[5.2608877e-05 5.2420834e-10 2.0748621e-10 ... 5.3108913e-08 9.9440761e-08
 4.0199176e-08]","[0.00000000e+00 1.66666667e-02 3.33333333e-02 ... 6.39500000e+01
 6.39666667e+01 6.39833333e+01]"
sub-041,lab_3,EMG,REM,9.4179757e-07,2.0121054e-06,9.594263e-07,-4.036469e-05,5.0117218e-05,4.048568e-12,-0.106285505,8.006576,151040,19.666666666666668,9.316500973038501e-07,9.519450350087709e-07,5.575909e-10,5.4984284e-09,1.5546695e-08,3.9113665e-08,2.986176e-08,4.570013e-08,2.214659e-08,5.147386e-06,5.07586e-05,0.0001435189,0.0003610768,0.00027566805,0.00010832506,0.0,23.83955748653251,21.01375592143392,"[5.2206022e-05 5.2063576e-10 2.8496622e-10 ... 7.3136812e-09 1.9047715e-08
 1.1817782e-08]","[0.00000000e+00 1.66666667e-02 3.33333333e-02 ... 6.39500000e+01
 6.39666667e+01 6.39833333e+01]"
sub-041,lab_3,EMG,Artifact,3.5907142e-06,3.2421925e-05,2.0264363e-06,-0.0001286389,0.00027833442,1.0511813e-09,0.70606875,4.3666687,3072,0.4,2.4435694800128436e-06,4.737858892847111e-06,1.7823756e-07,2.5572756e-06,1.043162e-05,6.157042e-06,1.2586404e-06,8.1501736e-07,4.483327e-07,3.5935616e-05,0.00051558873,0.0021031855,0.0012413607,0.00025376256,0.004959914,0.0,20.954630614742644,12.718027758952223,"[1.21675766e-04 2.84691914e-09 1.20211965e-08 ... 4.59789675e-07
 8.96527723e-08 1.65813873e-07]","[0.00000000e+00 4.16666667e-02 8.33333333e-02 ... 6.38750000e+01
 6.39166667e+01 6.39583333e+01]"
sub-042,lab_3,EEG1,Awake,3.1282143e-06,5.584594e-05,5.1444267e-06,-0.00040506272,0.00038246464,3.118769e-09,-0.16097821,1.4125891,500224,65.13333333333334,2.9734542261487044e-06,3.2829743792624973e-06,0.00017356353,0.00014940377,5.4131622e-05,9.547839e-06,3.4004755e-09,1.3569413e-09,2.2712514e-09,0.0018138585,0.0015613723,0.00056571275,9.978149e-05,3.553731e-08,0.09568747,0.0,6.205419238114797,4.913667239844543,"[5.6542549e-04 9.2935869e-07 1.3483360e-06 ... 5.9291561e-10 8.3633545e-10
 8.3282792e-10]","[0.00000000e+00 1.66666667e-02 3.33333333e-02 ... 6.39500000e+01
 6.39666667e+01 6.39833333e+01]"
sub-042,lab_3,EEG1,NREM,3.1204045e-06,6.3696425e-05,3.4582283e-06,-0.00040979378,0.000385,4.057234e-09,0.12003169,1.6830192,1184256,154.2,3.005683988565691e-06,3.2351249548372623e-06,0.00017955656,0.0001504737,9.9361714e-05,2.0309075e-05,6.054659e-09,3.1038991e-09,3.2363623e-09,0.0015010844,0.001257953,0.00083065924,0.0001697829,5.0616663e-08,0.1196179,3.9166666666666665,7.570727616930149,5.287738332369498,"[5.7703251e-04 1.0224544e-06 8.9263114e-07 ... 1.4269286e-09 2.3449132e-09
 1.2873278e-09]","[0.00000000e+00 1.66666667e-02 3.33333333e-02 ... 6.39500000e+01
 6.39666667e+01 6.39833333e+01]"
sub-042,lab_3,EEG1,REM,3.1134011e-06,4.078627e-05,3.7493705e-06,-0.00034654315,0.00037835224,1.66352e-09,-0.14420447,1.2374959,152064,19.8,2.9084011730740594e-06,3.31840109717424e-06,6.2638035e-05,7.69356e-05,3.8180046e-05,9.142363e-06,4.465107e-09,2.434745e-09,3.4589827e-09,0.0012351051,0.0015170265,0.00075283926,0.00018027033,8.804358e-08,0.05071474,0.0,8.048130760329666,5.705193830618017,"[5.7551812e-04 5.7331448e-07 3.7451804e-07 ... 2.3019262e-09 2.8741902e-09
 1.8023240e-09]","[0.00000000e+00 1.66666667e-02 3.33333333e-02 ... 6.39500000e+01
 6.39666667e+01 6.39833333e+01]"
sub-042,lab_3,EEG1,Artifact,2.9675405e-06,8.0256075e-05,4.0465784e-06,-0.00040998787,0.00037823094,6.4410375e-09,0.24599741,1.7338471,7168,0.9333333333333333,1.109177023526297e-06,4.825903911633634e-06,0.00015230937,0.0001980868,0.00021010188,4.2979074e-05,5.865867e-08,4.537033e-08,3.02855e-08,0.0009221547,0.0011993134,0.0012720586,0.00026021615,3.5514802e-07,0.16516683,6.696428571428571,9.321813186729544,5.4450149444898575,"[4.5246945e-04 4.7046406e-06 7.1838658e-06 ... 5.3869947e-08 5.0847586e-08
 6.7224576e-08]","[0.00000000e+00 1.78571429e-02 3.57142857e-02 ... 6.39464286e+01
 6.39642857e+01 6.39821429e+01]"
sub-042,lab_3,EEG2,Awake,6.022715e-07,5.1965846e-05,1.5913329e-06,-0.0004049803,0.00034024092,2.7004492e-09,-0.11290459,0.45032907,500224,65.13333333333334,4.5826390946496065e-07,7.462790590154214e-07,0.0001324729,0.00011601055,3.8125258e-05,9.230166e-06,3.392624e-09,6.3662575e-10,1.857054e-09,0.0017691737,0.0015493192,0.00050916226,0.00012326874,4.5308443e-08,0.0748784,3.6666666666666665,6.724080459716736,5.498535711876637,"[2.0795069e-05 2.2283595e-07 4.8973368e-07 ... 3.7407988e-10 5.6257515e-10
 6.6886480e-10]","[0.00000000e+00 1.66666667e-02 3.33333333e-02 ... 6.39500000e+01
 6.39666667e+01 6.39833333e+01]"
sub-042,lab_3,EEG2,NREM,6.154288e-07,7.348556e-05,1.2791028e-06,-0.000409988,0.000377,5.4001275e-09,-0.03015984,0.37362814,1184256,154.2,4.830775861812567e-07,7.47780019879197e-07,0.00028974516,0.0002277954,0.0001290963,1.9227882e-05,3.8969836e-09,1.5273213e-09,2.3581064e-09,0.0017329885,0.0013624622,0.00077213504,0.000115003466,2.3308164e-08,0.16719393,3.8666666666666667,6.829401627803375,4.908522816822513,"[2.3478156e-05 1.1484869e-06 9.6752160e-07 ... 1.4532088e-09 8.2863244e-10
 9.5942243e-10]","[0.00000000e+00 1.66666667e-02 3.33333333e-02 ... 6.39500000e+01
 6.39666667e+01 6.39833333e+01]"
sub-042,lab_3,EEG2,REM,5.913346e-07,4.893188e-05,6.3062487e-07,-0.0003003712,0.00029975906,2.394329e-09,-0.06922686,-0.15368128,152064,19.8,3.4539317002173514e-07,8.372759961336571e-07,5.8805905e-05,0.00013688816,7.637607e-05,8.407087e-06,4.413735e-09,2.4768088e-09,3.4925085e-09,0.00080902537,0.0018832462,0.0010507478,0.00011566095,6.07222e-08,0.07268734,7.183333333333334,8.065228819020438,4.628873854798787,"[2.0939189e-05 3.7707767e-07 4.7199734e-07 ... 9.6959241e-10 2.8120966e-09
 3.0686891e-09]","[0.00000000e+00 1.66666667e-02 3.33333333e-02 ... 6.39500000e+01
 6.39666667e+01 6.39833333e+01]"
sub-042,lab_3,EEG2,Artifact,3.501207e-07,8.101137e-05,1.987625e-06,-0.0003084051,0.00035511988,6.5628427e-09,-0.11488625,0.48606873,7168,0.9333333333333333,-1.5257321077476992e-06,2.225973508611587e-06,0.00025083215,0.00025475584,0.00018318392,2.0269155e-05,2.4426912e-08,1.8476792e-08,1.7155047e-08,0.0014918029,0.0015151387,0.0010894708,0.00012054908,1.4527699e-07,0.16814028,9.857142857142856,7.134707873979958,4.711712719446363,"[6.2984204e-06 2.9685526e-07 2.2991294e-06 ... 3.9126824e-08 2.8630774e-08
 8.8420116e-09]","[0.00000000e+00 1.78571429e-02 3.57142857e-02 ... 6.39464286e+01
 6.39642857e+01 6.39821429e+01]"
sub-042,lab_3,EMG,Awake,2.7623087e-06,4.2260777e-05,2.8726329e-06,-0.00033533957,0.00031991233,1.7859731e-09,-0.072201684,1.9386921,500224,65.13333333333334,2.645195758842048e-06,2.8794215772080937e-06,4.0032535e-07,4.84762e-06,1.360369e-05,1.8946763e-05,1.1528904e-05,1.7695138e-05,6.4623396e-06,8.255522e-06,9.996777e-05,0.00028053572,0.00039072073,0.00023774942,0.04849183,0.0,30.856503412601594,15.230475044646894,"[4.4994071e-04 6.7736061e-09 2.5711204e-09 ... 3.8975618e-06 2.4539481e-06
 4.4180661e-06]","[0.00000000e+00 1.66666667e-02 3.33333333e-02 ... 6.39500000e+01
 6.39666667e+01 6.39833333e+01]"
sub-042,lab_3,EMG,NREM,2.7618414e-06,3.4093904e-05,2.6215305e-06,-0.0003899886,0.000358,1.1623943e-09,-0.014861533,1.7044544,1184256,154.2,2.700436565194635e-06,2.823246265049435e-06,3.5175927e-07,4.694215e-06,1.3989364e-05,1.7862985e-05,9.238229e-06,1.4959905e-05,5.0324898e-06,8.240434e-06,0.0001099683,0.00032771967,0.00041846445,0.00021641793,0.042686984,0.0,29.423432106443308,15.207289773532779,"[4.5000622e-04 3.8281227e-09 5.2543836e-09 ... 2.5862935e-06 2.5439338e-06
 2.2398322e-06]","[0.00000000e+00 1.66666667e-02 3.33333333e-02 ... 6.39500000e+01
 6.39666667e+01 6.39833333e+01]"
sub-042,lab_3,EMG,REM,2.7602964e-06,3.205924e-05,2.690013e-06,-0.00021188846,0.00021163009,1.027795e-09,-0.037035864,1.160564,152064,19.8,2.599160263006072e-06,2.9214325589887244e-06,3.8705036e-07,4.293155e-06,1.0741371e-05,1.3915412e-05,7.647686e-06,1.2424406e-05,3.8506487e-06,1.1277481e-05,0.0001250896,0.00031297115,0.00040545315,0.00022283052,0.03432064,0.0,29.615307907870537,15.229879618625226,"[4.5118440e-04 7.4500912e-09 5.0686109e-09 ... 2.4446776e-06 3.2454275e-06
 1.8102974e-06]","[0.00000000e+00 1.66666667e-02 3.33333333e-02 ... 6.39500000e+01
 6.39666667e+01 6.39833333e+01]"
sub-042,lab_3,EMG,Artifact,2.694731e-06,3.496718e-05,2.2619975e-06,-0.00021952426,0.00016941063,1.2227035e-09,0.039384544,0.98671794,7168,0.9333333333333333,1.8850511235356315e-06,3.5044107523575444e-06,4.147597e-07,4.6875653e-06,1.6108164e-05,1.5057844e-05,6.027831e-06,1.2063569e-05,3.210605e-06,1.3207028e-05,0.00014926428,0.00051292585,0.00047948095,0.00019194183,0.03140447,0.0,26.689735786052914,14.801676195309312,"[3.7310133e-04 2.6539896e-08 9.7151364e-08 ... 3.7519201e-06 1.3118977e-06
 9.0701315e-07]","[0.00000000e+00 1.78571429e-02 3.57142857e-02 ... 6.39464286e+01
 6.39642857e+01 6.39821429e+01]"
sub-043,lab_3,EEG1,Awake,2.601633e-07,1.2719409e-05,1.7303731e-07,-0.0004096684,0.0002639274,1.6178336e-10,0.037336744,49.75582,6818816,887.8666666666667,2.506164281324564e-07,2.6971015191218245e-07,1.0142432e-05,6.5695167e-06,3.220371e-06,1.2641817e-06,2.345109e-09,1.0874879e-09,8.788014e-10,0.0017308126,0.0011210922,0.0005495584,0.00021573344,4.0019438e-07,0.005859925,1.75,7.85275440442562,6.652588503178569,"[4.4168773e-06 9.4516480e-08 1.2527821e-07 ... 1.1026828e-09 9.5194952e-10
 1.0309089e-09]","[0.00000000e+00 1.66666667e-02 3.33333333e-02 ... 6.39500000e+01
 6.39666667e+01 6.39833333e+01]"
sub-043,lab_3,EEG1,NREM,2.6297326e-07,2.2826494e-05,-1.1040207e-06,-0.000120351935,0.00018106517,5.210488e-10,0.5588814,1.394032,3550208,462.26666666666665,2.3922889036329275e-07,2.867176279738576e-07,3.7248392e-05,1.8893486e-05,7.482054e-06,2.0269536e-06,7.5493944e-10,2.991186e-10,2.7705802e-10,0.0022754373,0.0011541691,0.00045706524,0.00012382295,4.6117894e-08,0.016369773,1.8333333333333333,6.109219937028072,5.2801791419243616,"[3.3409244e-06 7.9398617e-08 1.2245273e-07 ... 1.4268113e-10 1.4814774e-10
 3.1656608e-10]","[0.00000000e+00 1.66666667e-02 3.33333333e-02 ... 6.39500000e+01
 6.39666667e+01 6.39833333e+01]"
sub-043,lab_3,EEG1,REM,2.5866953e-07,1.3218933e-05,1.2069886e-07,-9.303127e-05,0.0001537131,1.7474021e-10,0.25820512,2.0844731,657408,85.6,2.267153154481724e-07,2.9062374503139895e-07,9.010692e-06,6.673411e-06,3.3429683e-06,1.241083e-06,7.9619106e-10,4.1606105e-10,3.8391412e-10,0.0015955713,0.0011816964,0.0005919572,0.00021976518,1.4098579e-07,0.0056473142,2.7666666666666666,8.088037060449665,6.411444318499581,"[4.0010887e-06 8.6481506e-08 8.9988319e-08 ... 3.7983780e-10 2.7905694e-10
 2.4826147e-10]","[0.00000000e+00 1.66666667e-02 3.33333333e-02 ... 6.39500000e+01
 6.39666667e+01 6.39833333e+01]"
sub-043,lab_3,EEG1,Artifact,2.7101976e-06,7.679661e-05,7.0688947e-07,-0.00042,0.000266,5.8977196e-09,-1.3778121,14.268932,32768,4.266666666666667,1.878648567828493e-06,3.5417465871140327e-06,0.0004294708,1.7939603e-05,6.096851e-06,1.6917546e-06,4.0236912e-08,1.27791635e-08,8.134763e-09,0.0043707406,0.00018257202,6.204788e-05,1.7217051e-05,4.094926e-07,0.09826042,0.31666666666666665,1.1306991716627433,2.326073696224122,"[1.9526103e-03 1.5766144e-03 7.4956857e-04 ... 3.4281857e-09 9.5259125e-09
 7.1114243e-09]","[0.00000000e+00 1.66666667e-02 3.33333333e-02 ... 6.39500000e+01
 6.39666667e+01 6.39833333e+01]"
sub-043,lab_3,EEG2,Awake,2.5073016e-06,4.105787e-05,2.7579767e-06,-0.00043,0.00027276733,1.6857487e-09,-0.1209768,1.7919149,6818816,887.8666666666667,2.47648460584254e-06,2.5381185695258527e-06,9.116493e-05,6.717156e-05,2.8906568e-05,7.07816e-06,1.0378331e-08,4.9685345e-09,4.2482036e-09,0.0018261396,0.0013455244,0.0005790322,0.00014178378,2.0789004e-07,0.049922213,0.0,6.724428288610006,5.710525545924711,"[3.5777906e-04 2.4017195e-06 2.3693397e-06 ... 4.5327151e-09 4.0291530e-09
 5.1311990e-09]","[0.00000000e+00 1.66666667e-02 3.33333333e-02 ... 6.39500000e+01
 6.39666667e+01 6.39833333e+01]"
sub-043,lab_3,EEG2,NREM,2.3957634e-06,8.312785e-05,5.884825e-06,-0.0004116856,0.0002734864,6.9102404e-09,-0.3119909,0.9592109,3550208,462.26666666666665,2.3092929309248126e-06,2.4822339314662252e-06,0.00048192157,0.00023723688,0.000102638536,2.4137185e-05,2.6372003e-08,1.31756535e-08,4.9215814e-09,0.0023046066,0.0011344951,0.00049082976,0.00011542691,1.2611407e-07,0.20911229,1.8833333333333333,5.880354070255842,5.006964161561907,"[3.5267015e-04 9.8493513e-07 1.3471639e-06 ... 4.3044812e-09 4.9579820e-09
 4.3294315e-09]","[0.00000000e+00 1.66666667e-02 3.33333333e-02 ... 6.39500000e+01
 6.39666667e+01 6.39833333e+01]"
sub-043,lab_3,EEG2,REM,2.5243532e-06,4.7903075e-05,3.1392997e-06,-0.0004037323,0.00026539143,2.2947044e-09,-0.16468087,2.0937414,657408,85.6,2.40855684310546e-06,2.640149655095312e-06,0.00011541958,0.00010396024,5.173925e-05,1.4200548e-05,1.19872094e-08,9.057347e-09,5.0935167e-09,0.0014969455,0.0013483226,0.0006710373,0.0001841754,1.554693e-07,0.07710339,0.0,7.630528062695731,5.644148241077801,"[3.7832445e-04 1.3324334e-06 1.0666664e-06 ... 3.4130303e-09 4.2808264e-09
 3.4036720e-09]","[0.00000000e+00 1.66666667e-02 3.33333333e-02 ... 6.39500000e+01
 6.39666667e+01 6.39833333e+01]"
sub-043,lab_3,EEG2,Artifact,3.827216e-06,0.00011517847,3.8420235e-06,-0.00042778833,0.000284,1.326608e-08,-0.7069962,3.0981145,32768,4.266666666666667,2.580070588131421e-06,5.074361422763686e-06,0.0009597539,0.00010037715,4.542442e-05,8.0169375e-06,1.3420821e-07,8.948801e-08,3.615988e-08,0.0038939472,0.00040725368,0.00018429755,3.25266e-05,5.4451425e-07,0.24647327,0.31666666666666665,1.7093333043949481,3.27234473177166,"[2.4382528e-03 2.5563273e-03 1.2081035e-03 ... 3.7640095e-08 2.3986436e-08
 2.5406504e-08]","[0.00000000e+00 1.66666667e-02 3.33333333e-02 ... 6.39500000e+01
 6.39666667e+01 6.39833333e+01]"
sub-043,lab_3,EMG,Awake,-2.1246102e-07,2.210662e-05,1.5976195e-07,-0.00047,0.0004,4.887027e-10,-0.25174537,11.040049,6818816,887.8666666666667,-2.2905367948101186e-07,-1.9586835585482775e-07,1.0084553e-07,4.5690183e-07,1.4070016e-06,2.393534e-06,3.25233e-06,3.8516037e-06,3.2510518e-06,1.0409737e-05,4.7163496e-05,0.00014523714,0.00024707153,0.0003357204,0.009687616,23.683333333333334,38.51649126256079,15.264498869287305,"[2.7021438e-06 2.2884389e-08 1.1915449e-08 ... 1.5023794e-06 2.6025177e-06
 1.6766544e-06]","[0.00000000e+00 1.66666667e-02 3.33333333e-02 ... 6.39500000e+01
 6.39666667e+01 6.39833333e+01]"
sub-043,lab_3,EMG,NREM,-2.0223322e-07,8.477739e-06,2.6596476e-07,-0.00024589885,0.0002579405,7.187207e-11,-0.57592887,4.7375264,3550208,462.26666666666665,-2.110518601091477e-07,-1.9341458778056982e-07,8.877915e-10,1.81178e-08,1.820149e-07,6.0384247e-07,6.8518534e-07,6.6723584e-07,7.1644916e-07,4.2319948e-07,8.636537e-06,8.67643e-05,0.00028784442,0.00032661957,0.0020978085,26.8,39.23770607939282,14.767628178051668,"[2.2354191e-06 7.9288265e-10 4.5771736e-10 ... 6.7435633e-07 2.9892067e-07
 3.3263120e-07]","[0.00000000e+00 1.66666667e-02 3.33333333e-02 ... 6.39500000e+01
 6.39666667e+01 6.39833333e+01]"
sub-043,lab_3,EMG,REM,-2.0417008e-07,8.927699e-06,3.854429e-07,-6.6150606e-05,8.383429e-05,7.9703806e-11,-0.568707,3.883058,657408,85.6,-2.257510622227512e-07,-1.8258909413207382e-07,9.484986e-10,2.3574856e-08,2.110653e-07,9.2357226e-07,7.2490565e-07,6.584561e-07,7.859382e-07,3.744793e-07,9.307652e-06,8.333126e-05,0.00036463808,0.00028620198,0.0025328465,28.333333333333332,37.854995236700034,15.099958415084467,"[2.4195233e-06 1.1493266e-09 3.5790754e-10 ... 6.2679629e-07 5.1282808e-07
 5.6091977e-07]","[0.00000000e+00 1.66666667e-02 3.33333333e-02 ... 6.39500000e+01
 6.39666667e+01 6.39833333e+01]"
sub-043,lab_3,EMG,Artifact,-2.8971604e-07,2.5710551e-05,-7.919432e-08,-0.00045490594,0.0003313399,6.6103245e-10,-2.5087285,61.63514,32768,4.266666666666667,-5.681083169868465e-07,-1.1323765772166164e-08,2.8981992e-06,6.513818e-06,8.841999e-06,5.8145356e-06,4.5072024e-06,3.9382944e-06,3.833036e-06,0.00014663542,0.00032956892,0.0004473641,0.0002941885,0.00022804351,0.01976466,11.666666666666666,29.580967910856607,17.87176811013828,"[6.9393450e-06 9.8435805e-07 2.3670796e-07 ... 4.8197612e-06 3.6495924e-06
 1.3763027e-06]","[0.00000000e+00 1.66666667e-02 3.33333333e-02 ... 6.39500000e+01
 6.39666667e+01 6.39833333e+01]"
sub-044,lab_3,EEG1,Awake,2.127709e-06,2.0310648e-05,1.7875639e-06,-0.00040161714,0.00039142484,4.125224e-10,1.788715,38.825726,5987840,779.6666666666666,2.111440864628741e-06,2.14397706984463e-06,1.3360082e-05,1.0776198e-05,5.0795175e-06,1.9458596e-06,5.24218e-10,6.5764827e-10,1.9104107e-10,0.0015309874,0.0012348894,0.00058208307,0.00022298415,6.0072324e-08,0.008726448,0.0,7.812300671385093,6.435288535489222,"[2.6880050e-04 1.1808220e-07 1.6185187e-07 ... 1.6003870e-10 1.5452713e-10
 1.4287369e-10]","[0.00000000e+00 1.66666667e-02 3.33333333e-02 ... 6.39500000e+01
 6.39666667e+01 6.39833333e+01]"
sub-044,lab_3,EEG1,NREM,2.1471842e-06,2.807487e-05,8.8197146e-07,-0.00015502678,0.0003703392,7.881983e-10,0.42961615,1.292737,4161536,541.8666666666667,2.120210588452669e-06,2.1741578208661803e-06,3.458119e-05,2.9434792e-05,1.2956077e-05,3.5985258e-06,9.0029445e-10,9.630711e-10,4.143015e-10,0.0016207601,0.0013795574,0.0006072287,0.00016865664,4.2195232e-08,0.021336403,0.0,7.220250668101871,5.604940162987141,"[2.7000846e-04 1.2619743e-07 1.1574673e-07 ... 4.1646153e-10 3.3084449e-10
 3.4590308e-10]","[0.00000000e+00 1.66666667e-02 3.33333333e-02 ... 6.39500000e+01
 6.39666667e+01 6.39833333e+01]"
sub-044,lab_3,EEG1,REM,2.145879e-06,1.706783e-05,1.873228e-06,-0.00013575234,0.00018750744,2.913108e-10,0.25512183,2.0453057,865280,112.66666666666667,2.1099166589072337e-06,2.1818415006175275e-06,1.1255066e-05,1.12206435e-05,5.400706e-06,1.7248512e-06,7.2911005e-10,8.715877e-10,3.1132422e-10,0.0013687914,0.0013646052,0.00065681,0.0002097688,8.867114e-08,0.00822263,0.0,7.94628568558681,6.181915928698454,"[2.7396012e-04 1.6915331e-07 1.8684466e-07 ... 3.4512909e-10 1.6131713e-10
 4.2416820e-10]","[0.00000000e+00 1.66666667e-02 3.33333333e-02 ... 6.39500000e+01
 6.39666667e+01 6.39833333e+01]"
sub-044,lab_3,EEG1,Artifact,2.1486717e-06,4.765027e-05,1.3592431e-06,-0.00041,0.000392,2.2705482e-09,2.1980512,33.78893,43008,5.6,1.69831553123935e-06,2.5990278352489988e-06,0.00023273952,2.5177644e-05,8.973914e-06,2.7691667e-06,1.900452e-08,1.1821719e-08,4.8067914e-09,0.0038582303,0.0004173814,0.00014876471,4.5905752e-05,3.150467e-07,0.06032287,0.45,2.6067721171333735,3.917583308784576,"[3.4035667e-04 6.8778580e-05 6.8779547e-05 ... 5.3591669e-09 3.2233687e-09
 2.5016256e-09]","[0.00000000e+00 1.66666667e-02 3.33333333e-02 ... 6.39500000e+01
 6.39666667e+01 6.39833333e+01]"
sub-044,lab_3,EEG2,Awake,3.8323637e-06,5.3100626e-05,3.5735866e-06,-0.00040065224,0.0003943367,2.8196765e-09,-0.009321376,0.9405489,5987840,779.6666666666666,3.789832044863401e-06,3.874895446055776e-06,0.00016802577,0.00014151157,4.15336e-05,9.2094815e-06,2.4507631e-09,1.4868441e-09,1.0789111e-09,0.001885475,0.00158795,0.00046606283,0.00010334276,2.7500858e-08,0.08911588,0.0,6.094895088594159,4.858443654327349,"[8.6633244e-04 7.2179756e-07 8.1284918e-07 ... 1.0382415e-09 1.0928185e-09
 9.9057540e-10]","[0.00000000e+00 1.66666667e-02 3.33333333e-02 ... 6.39500000e+01
 6.39666667e+01 6.39833333e+01]"
sub-044,lab_3,EEG2,NREM,3.8403496e-06,8.525252e-05,6.865568e-06,-0.00040570076,0.00039350142,7.267992e-09,-0.30484787,0.77190685,4161536,541.8666666666667,3.7584411219400396e-06,3.922258005436971e-06,0.00042985642,0.00023689546,0.000109932495,2.0295536e-05,8.850572e-09,6.1585954e-09,4.903414e-09,0.0021956603,0.0012100365,0.0005615233,0.00010366741,4.5207766e-08,0.19577548,3.4833333333333334,6.030878659935418,4.768084840366237,"[8.9074241e-04 1.1681717e-06 1.1407393e-06 ... 3.8792836e-09 2.7830804e-09
 2.7164888e-09]","[0.00000000e+00 1.66666667e-02 3.33333333e-02 ... 6.39500000e+01
 6.39666667e+01 6.39833333e+01]"
sub-044,lab_3,EEG2,REM,3.8426924e-06,5.2319985e-05,4.445716e-06,-0.00038021247,0.00034700832,2.737381e-09,-0.14201427,1.1348476,865280,112.66666666666667,3.73245266652398e-06,3.952932177556565e-06,0.00012339241,0.00012182607,5.1944407e-05,1.02682025e-05,6.768958e-09,5.0912017e-09,4.0965125e-09,0.001566518,0.0015466327,0.00065945584,0.0001303591,8.593474e-08,0.07876859,0.0,7.026486133306559,5.04731753865632,"[8.6535385e-04 7.9950053e-07 4.5656844e-07 ... 2.3044939e-09 4.7719397e-09
 3.2621696e-09]","[0.00000000e+00 1.66666667e-02 3.33333333e-02 ... 6.39500000e+01
 6.39666667e+01 6.39833333e+01]"
sub-044,lab_3,EEG2,Artifact,4.1506055e-06,8.67889e-05,1.0247577e-06,-0.00041,0.000395,7.532313e-09,0.3442397,3.1349654,43008,5.6,3.3303390784877845e-06,4.970871904120824e-06,0.00071855035,0.00013752283,4.600489e-05,9.252592e-06,5.898934e-08,4.14384e-08,3.1088916e-08,0.0034954434,0.00066899037,0.00022379431,4.500994e-05,2.8695817e-07,0.20556773,1.0833333333333333,3.2161869456970003,4.1546387727061305,"[1.1383663e-03 8.8639652e-05 6.4738859e-05 ... 2.3531658e-08 2.0731243e-08
 2.1085238e-08]","[0.00000000e+00 1.66666667e-02 3.33333333e-02 ... 6.39500000e+01
 6.39666667e+01 6.39833333e+01]"
sub-044,lab_3,EMG,Awake,3.0816252e-06,1.8036872e-05,3.3299e-06,-0.00049,0.000385,3.2532876e-10,-0.43361217,20.413061,5987840,779.6666666666666,3.0671783199882755e-06,3.096072098478939e-06,2.2387143e-08,8.009187e-08,3.227034e-07,7.836483e-07,1.9119866e-06,2.571455e-06,2.034461e-06,4.6179694e-06,1.6521171e-05,6.656653e-05,0.00016164921,0.0003944003,0.0048478325,0.0,38.897268054729146,18.664403257064624,"[5.6021579e-04 2.7933130e-08 2.3016568e-08 ... 1.6542996e-06 9.2991075e-07
 9.2475346e-07]","[0.00000000e+00 1.66666667e-02 3.33333333e-02 ... 6.39500000e+01
 6.39666667e+01 6.39833333e+01]"
sub-044,lab_3,EMG,NREM,3.0983897e-06,6.258954e-06,3.3432516e-06,-7.95304e-05,0.00015019799,3.91745e-11,-0.7421114,5.3978224,4161536,541.8666666666667,3.092376254730343e-06,3.104403140665081e-06,1.4540539e-09,3.313628e-08,7.282165e-08,2.9700678e-07,4.943877e-07,5.610098e-07,5.197506e-07,1.0732232e-06,2.445757e-05,5.3748958e-05,0.00021921784,0.00036490278,0.0013548477,0.0,29.141275478164612,22.48638907728153,"[5.6697789e-04 6.3085814e-10 4.1006323e-10 ... 5.1242125e-07 4.1896109e-07
 4.7133395e-07]","[0.00000000e+00 1.66666667e-02 3.33333333e-02 ... 6.39500000e+01
 6.39666667e+01 6.39833333e+01]"
sub-044,lab_3,EMG,REM,3.0953088e-06,5.8085134e-06,3.369955e-06,-7.268101e-05,0.0001133341,3.3738828e-11,-0.6885467,5.175762,865280,112.66666666666667,3.083070075017896e-06,3.1075474937730168e-06,1.1944433e-09,2.9520344e-08,7.512426e-08,2.4260936e-07,3.582489e-07,5.0435176e-07,3.9407482e-07,1.1730666e-06,2.8992024e-05,7.377978e-05,0.00023826744,0.00035183743,0.0010182229,0.0,26.010291855302533,22.69612880515929,"[5.6594319e-04 6.8378486e-10 7.1787137e-10 ... 1.5299182e-07 3.0916706e-07
 1.6951739e-07]","[0.00000000e+00 1.66666667e-02 3.33333333e-02 ... 6.39500000e+01
 6.39666667e+01 6.39833333e+01]"
sub-044,lab_3,EMG,Artifact,3.0622225e-06,2.0621228e-05,3.189708e-06,-0.00046974554,0.00034602656,4.2523504e-10,-0.5960187,35.374004,43008,5.6,2.8673254398393306e-06,3.2571195681873382e-06,1.7860602e-07,6.7851755e-07,2.0236685e-06,2.8446007e-06,4.0440245e-06,4.332773e-06,3.3749209e-06,1.4878285e-05,5.6522047e-05,0.00016857615,0.00023696167,0.0003368764,0.012004476,0.0,36.33004674584602,16.820092689664314,"[5.6085223e-04 1.3299304e-07 1.1548599e-07 ... 2.1934313e-06 2.5886638e-06
 1.8148891e-06]","[0.00000000e+00 1.66666667e-02 3.33333333e-02 ... 6.39500000e+01
 6.39666667e+01 6.39833333e+01]"
sub-045,lab_3,EEG1,Awake,2.7308931e-06,1.44604455e-05,2.5561912e-06,-0.0002999913,0.00027,2.0910448e-10,0.20225349,7.7143316,5593600,728.3333333333334,2.718909615484954e-06,2.7428766433352574e-06,1.3344309e-05,6.2495465e-06,2.3613998e-06,9.739105e-07,1.0690682e-09,7.4058376e-10,6.291228e-10,0.0022488127,0.0010531875,0.00039794834,0.00016412557,1.8016175e-07,0.0059339353,0.0,5.778671302191784,6.440321491887489,"[4.3214057e-04 4.7823653e-07 8.7714869e-07 ... 8.8735852e-10 6.3095135e-10
 3.5092468e-10]","[0.00000000e+00 1.66666667e-02 3.33333333e-02 ... 6.39500000e+01
 6.39666667e+01 6.39833333e+01]"
sub-045,lab_3,EEG1,NREM,2.7401904e-06,1.6071344e-05,2.417029e-06,-0.00012409888,0.00013638682,2.5828809e-10,0.12894846,0.60787535,4822528,627.9333333333333,2.725846675671285e-06,2.754534202326674e-06,1.2319947e-05,6.21572e-06,3.1193106e-06,1.0632338e-06,5.5173727e-10,3.0699643e-10,2.5927668e-10,0.002056771,0.0010376922,0.0005207577,0.00017750307,9.211056e-08,0.005989946,0.0,6.411310317804651,6.324593616053982,"[4.5325427e-04 1.7955331e-07 1.6611183e-07 ... 2.5148711e-10 2.6031488e-10
 1.9897747e-10]","[0.00000000e+00 1.66666667e-02 3.33333333e-02 ... 6.39500000e+01
 6.39666667e+01 6.39833333e+01]"
sub-045,lab_3,EEG1,REM,2.7350834e-06,1.155198e-05,2.660563e-06,-0.00022959258,0.0002217107,1.3344822e-10,0.067745894,7.8110523,643072,83.73333333333333,2.7068491770044622e-06,2.763317620745236e-06,5.124209e-06,4.83869e-06,2.312889e-06,7.3072295e-07,3.574732e-10,1.7391819e-10,1.308127e-10,0.001429166,0.0013495333,0.0006450756,0.00020380205,9.970095e-08,0.0035854543,0.0,7.1952809302698535,6.593026445814516,"[4.41242795e-04 1.00516345e-07 1.00514697e-07 ... 1.16022303e-10
 1.82319840e-10 1.03631013e-10]","[0.00000000e+00 1.66666667e-02 3.33333333e-02 ... 6.39500000e+01
 6.39666667e+01 6.39833333e+01]"
sub-045,lab_3,EEG2,Awake,-1.29962455e-05,0.00019711517,1.48336e-06,-0.00047699327,0.00032089962,3.8854388e-08,-0.39388186,-0.66179466,5593600,728.3333333333334,-1.3159596743766957e-05,-1.283289417495784e-05,0.0048306906,0.00071789254,0.00024918577,5.6374254e-05,1.417357e-06,6.807401e-07,2.3369327e-07,0.0036742063,0.00054602657,0.00018952982,4.287806e-05,1.0780368e-06,1.3147576,0.0,2.9167664928854777,4.136183219340443,"[3.9759956e-02 2.2106138e-03 2.3716916e-03 ... 9.8138536e-08 3.3238487e-07
 1.6719682e-07]","[0.00000000e+00 1.66666667e-02 3.33333333e-02 ... 6.39500000e+01
 6.39666667e+01 6.39833333e+01]"
sub-045,lab_3,EEG2,NREM,-1.29007285e-05,0.00019735974,1.7295033e-06,-0.00049,0.000359,3.895087e-08,-0.39618936,-0.66093516,4822528,627.9333333333333,-1.3076873159211851e-05,-1.2724583854373753e-05,0.004836368,0.00069200835,0.00021350851,4.7150756e-05,1.1089148e-06,4.526424e-07,1.6778758e-07,0.0037498735,0.00053654803,0.00016554362,3.6558296e-05,8.597961e-07,1.2897416,0.0,2.7913795078916386,3.875790112295531,"[2.5280628e-02 2.0253744e-03 1.5807558e-03 ... 7.7072841e-08 1.1515866e-07
 6.1613491e-08]","[0.00000000e+00 1.66666667e-02 3.33333333e-02 ... 6.39500000e+01
 6.39666667e+01 6.39833333e+01]"
sub-045,lab_3,EEG2,REM,-8.855826e-06,0.00017843259,1.2890364e-06,-0.0004459533,0.00030936973,3.1838187e-08,-0.41351888,-0.32327437,643072,83.73333333333333,-9.29193383407405e-06,-8.419718783361853e-06,0.0034264193,0.0005282194,0.00017656747,3.9440674e-05,5.6908556e-07,2.3279941e-07,7.190956e-08,0.0036626984,0.00056464435,0.00018874322,4.2160424e-05,6.0832855e-07,0.9354904,0.8,3.0416854653381606,4.010404608760874,"[1.1853976e-02 1.3616274e-03 6.9849472e-04 ... 2.2446518e-08 3.4391718e-08
 4.2353655e-08]","[0.00000000e+00 1.66666667e-02 3.33333333e-02 ... 6.39500000e+01
 6.39666667e+01 6.39833333e+01]"
sub-045,lab_3,EMG,Awake,2.8364352e-06,1.7695602e-05,2.9990845e-06,-0.00043,0.000425,3.1313435e-10,-0.22031692,26.69127,5593600,728.3333333333334,2.8217706950271583e-06,2.851099734380181e-06,4.644134e-08,3.8594487e-07,9.445104e-07,1.1476035e-06,2.0156344e-06,2.4203973e-06,1.6130797e-06,8.176287e-06,6.7948e-05,0.00016628695,0.00020204275,0.000354865,0.005680003,0.0,36.008005517166566,17.859807930529943,"[4.7445172e-04 7.0764186e-09 7.6868014e-09 ... 9.2694683e-07 1.2907387e-06
 7.4650001e-07]","[0.00000000e+00 1.66666667e-02 3.33333333e-02 ... 6.39500000e+01
 6.39666667e+01 6.39833333e+01]"
sub-045,lab_3,EMG,NREM,2.840545e-06,5.203582e-06,2.986038e-06,-0.00030896795,0.0002891602,2.7077268e-11,-0.6536065,31.197433,4822528,627.9333333333333,2.8359007681120244e-06,2.845189219662588e-06,8.157533e-10,7.43358e-09,4.5295867e-08,6.797943e-08,1.014013e-07,1.0314915e-07,9.5995176e-08,2.7854164e-06,2.5382204e-05,0.00015466423,0.00023211799,0.00034623808,0.00029286582,0.0,14.807741630679256,21.045917784762583,"[4.7663227e-04 5.0656612e-10 3.0832206e-10 ... 7.0257002e-08 5.8184764e-08
 6.8978117e-08]","[0.00000000e+00 1.66666667e-02 3.33333333e-02 ... 6.39500000e+01
 6.39666667e+01 6.39833333e+01]"
sub-045,lab_3,EMG,REM,2.8378927e-06,4.4902586e-06,2.986038e-06,-3.188716e-05,6.461753e-05,2.0162422e-11,-0.969052,5.9363775,643072,83.73333333333333,2.8269180272904737e-06,2.848867332636048e-06,7.0139e-10,6.076362e-09,5.1017444e-08,6.317011e-08,1.1298561e-07,6.917312e-08,7.930573e-08,2.2439078e-06,1.943968e-05,0.00016321654,0.00020209572,0.00036146693,0.00031257523,0.0,15.925685858613821,21.80746003726982,"[4.7462349e-04 1.3589799e-09 7.2638706e-10 ... 8.1092530e-08 9.0590234e-08
 1.4584423e-07]","[0.00000000e+00 1.66666667e-02 3.33333333e-02 ... 6.39500000e+01
 6.39666667e+01 6.39833333e+01]"
sub-046,lab_3,EEG1,Awake,1.6389242e-06,5.310319e-05,3.6476997e-06,-0.0004016661,0.0003835682,2.8199487e-09,-0.20494859,0.88038635,1012224,131.8,1.5354740844921384e-06,1.7423743792753026e-06,0.00012632851,0.00010406963,7.799071e-05,8.764973e-06,2.057114e-09,5.958459e-10,5.874299e-10,0.0015832206,0.0013042596,0.0009774239,0.00010984761,2.578092e-08,0.07979211,1.2,6.805780773694457,5.152371808308996,"[1.6802325e-04 2.1720475e-06 3.8953394e-06 ... 6.2871930e-10 6.6211708e-10
 7.8085416e-10]","[0.00000000e+00 1.66666667e-02 3.33333333e-02 ... 6.39500000e+01
 6.39666667e+01 6.39833333e+01]"
sub-046,lab_3,EEG1,NREM,1.6475753e-06,7.82318e-05,6.2043185e-08,-0.00041,0.000392,6.1202146e-09,0.32455072,1.7183609,731648,95.26666666666667,1.4683161953962854e-06,1.8268344955776838e-06,0.0004408524,0.0002700069,0.00011501967,3.486875e-05,2.6613778e-08,1.6951379e-08,8.9400505e-09,0.0019765121,0.0012105455,0.00051567773,0.00015633012,1.1931988e-07,0.22304563,3.15,6.6646882940375765,5.2677968375071,"[1.4733203e-04 4.9022592e-06 6.9255111e-06 ... 8.7434557e-09 4.9152442e-09
 7.4525772e-09]","[0.00000000e+00 1.66666667e-02 3.33333333e-02 ... 6.39500000e+01
 6.39666667e+01 6.39833333e+01]"
sub-046,lab_3,EEG1,REM,1.5390622e-06,4.6930767e-05,2.1179828e-06,-0.00040586366,0.00034574137,2.2024969e-09,0.005593272,2.375299,64512,8.4,1.1769050811914204e-06,1.9012192555613874e-06,9.152886e-05,9.142806e-05,4.0179606e-05,1.3116129e-05,4.8472755e-09,2.8970397e-09,2.539838e-09,0.0014075313,0.0014059813,0.00061788224,0.0002016999,7.454143e-08,0.06502794,3.1666666666666665,7.983752047778606,5.898052135303928,"[1.4487142e-04 2.0966327e-06 4.6585246e-06 ... 2.3947402e-09 2.5414078e-09
 2.0117996e-09]","[0.00000000e+00 1.66666667e-02 3.33333333e-02 ... 6.39500000e+01
 6.39666667e+01 6.39833333e+01]"
sub-046,lab_3,EEG1,Artifact,2.2337654e-06,7.909949e-05,1.8671092e-06,-0.00039941436,0.00038498777,6.256729e-09,0.2401155,1.842989,36352,4.733333333333333,1.4206016010869918e-06,3.0469291424812126e-06,0.00029287444,0.00017804299,0.00015459298,3.659276e-05,9.0034426e-08,7.248283e-08,5.6159863e-08,0.0016161253,0.000982468,0.0008530674,0.00020192437,4.9682353e-07,0.18122013,0.35,7.2081315044644185,5.969464593441277,"[3.8952846e-04 4.9831375e-05 5.5534027e-05 ... 4.1886249e-08 7.3006959e-08
 3.3445495e-08]","[0.00000000e+00 1.66666667e-02 3.33333333e-02 ... 6.39500000e+01
 6.39666667e+01 6.39833333e+01]"
sub-046,lab_3,EEG2,Awake,5.835027e-07,4.0172425e-05,9.925993e-07,-0.0003348954,0.00038,1.6138236e-09,-0.03266383,1.4615245,1012224,131.8,5.052429321477286e-07,6.617624615063794e-07,6.0495553e-05,5.8528425e-05,3.7420057e-05,6.119643e-06,2.4656028e-09,9.026397e-10,8.146779e-10,0.0014288817,0.0013824188,0.00088384736,0.0001445436,5.8236587e-08,0.042337693,0.26666666666666666,7.184895084928471,5.852882328219797,"[2.3444374e-05 1.8725135e-06 3.0745352e-06 ... 7.0275813e-10 8.4346841e-10
 7.7005113e-10]","[0.00000000e+00 1.66666667e-02 3.33333333e-02 ... 6.39500000e+01
 6.39666667e+01 6.39833333e+01]"
sub-046,lab_3,EEG2,NREM,6.228378e-07,6.405028e-05,1.5384146e-06,-0.00034998887,0.00034683893,4.102438e-09,-0.058906104,0.40586543,731648,95.26666666666667,4.760739538773579e-07,7.696015946117313e-07,0.00035680903,0.00016471815,8.117641e-05,1.2106145e-05,3.1331562e-09,1.6306658e-09,1.2766649e-09,0.0024238059,0.0011189313,0.00055143185,8.223711e-05,2.1283547e-08,0.14721024,3.1333333333333333,5.480886342135195,4.489535156296181,"[2.8910110e-05 3.7560771e-06 6.8627910e-06 ... 1.0407140e-09 1.2880182e-09
 8.5355351e-10]","[0.00000000e+00 1.66666667e-02 3.33333333e-02 ... 6.39500000e+01
 6.39666667e+01 6.39833333e+01]"
sub-046,lab_3,EEG2,REM,5.064803e-07,3.552931e-05,4.3564506e-07,-0.00018246815,0.00014352835,1.2623317e-09,-0.03530387,-0.18774724,64512,8.4,2.3230641453467267e-07,7.806542235013474e-07,3.8763977e-05,7.113147e-05,3.0184088e-05,3.805487e-06,2.016475e-09,9.317909e-10,8.499743e-10,0.0010600096,0.0019451058,0.00082539057,0.00010406188,5.5140955e-08,0.03656946,6.783333333333333,7.403990586744968,4.743429013504221,"[1.8074594e-05 2.3357059e-06 4.7231415e-06 ... 7.8219914e-10 8.0534091e-10
 9.0663477e-10]","[0.00000000e+00 1.66666667e-02 3.33333333e-02 ... 6.39500000e+01
 6.39666667e+01 6.39833333e+01]"
sub-046,lab_3,EEG2,Artifact,1.0849051e-06,6.572937e-05,6.24857e-08,-0.00031563593,0.0003462263,4.3203503e-09,0.21002315,1.3326583,36352,4.733333333333333,4.091896358911008e-07,1.76062052321168e-06,0.00027955326,0.00010018668,5.4499767e-05,9.470021e-06,3.1579557e-08,2.3742205e-08,2.0739465e-08,0.0026261385,0.0009411591,0.00051197375,8.896189e-05,2.9666006e-07,0.10645031,0.5333333333333333,4.359139656523567,5.104722989524639,"[1.9463815e-04 4.7546528e-05 5.5901961e-05 ... 2.4019378e-08 1.5880978e-08
 2.2584016e-08]","[0.00000000e+00 1.66666667e-02 3.33333333e-02 ... 6.39500000e+01
 6.39666667e+01 6.39833333e+01]"
sub-046,lab_3,EMG,Awake,4.7271287e-06,2.1364545e-05,4.7245135e-06,-0.00034,0.0003571544,4.564438e-10,0.026661335,0.8987143,1012224,131.8,4.6855085248940995e-06,4.7687489266858066e-06,1.8467576e-08,9.789986e-07,4.144682e-06,3.1420004e-06,3.936338e-06,3.7689356e-06,2.1876033e-06,1.4597173e-06,7.738218e-05,0.00032760468,0.00024835052,0.0003111367,0.012651474,0.0,31.601856098240482,17.5008322565306,"[1.3152307e-03 1.7799623e-09 2.0197510e-09 ... 1.7102968e-06 1.8763470e-06
 1.5053349e-06]","[0.00000000e+00 1.66666667e-02 3.33333333e-02 ... 6.39500000e+01
 6.39666667e+01 6.39833333e+01]"
sub-046,lab_3,EMG,NREM,4.7291346e-06,2.6422294e-05,4.165988e-06,-0.00027397994,0.000407,6.981376e-10,0.6852247,5.4902678,731648,95.26666666666667,4.668590978252992e-06,4.789678254456434e-06,1.9284187e-07,3.766469e-06,1.3045296e-05,1.2044276e-05,2.6845967e-06,1.9591764e-06,9.0122893e-07,8.550477e-06,0.00016700268,0.0005784196,0.00053403503,0.00011903319,0.022553345,0.0,21.48406162932494,13.365708354669243,"[1.3108611e-03 4.4013282e-09 4.8190829e-09 ... 6.7354938e-07 5.6921715e-07
 4.9628341e-07]","[0.00000000e+00 1.66666667e-02 3.33333333e-02 ... 6.39500000e+01
 6.39666667e+01 6.39833333e+01]"
sub-046,lab_3,EMG,REM,4.7298936e-06,2.0090642e-05,4.576333e-06,-0.0001649648,0.00022574123,4.0363385e-10,0.24700704,2.1095982,64512,8.4,4.5748573810856786e-06,4.884929798281007e-06,2.4384445e-08,1.7962918e-06,3.0134959e-06,4.627516e-06,2.8734694e-06,2.9493876e-06,1.7884145e-06,2.02894e-06,0.00014946284,0.0002507419,0.00038503858,0.00023909082,0.012018317,0.0,28.196117329964054,17.469133309940837,"[1.3198893e-03 2.8494023e-09 3.0284260e-09 ... 1.2840723e-06 2.3097930e-06
 9.9658132e-07]","[0.00000000e+00 1.66666667e-02 3.33333333e-02 ... 6.39500000e+01
 6.39666667e+01 6.39833333e+01]"
sub-046,lab_3,EMG,Artifact,4.7358444e-06,2.7548303e-05,4.1887847e-06,-0.0001709946,0.00027065128,7.58909e-10,0.9259638,6.727934,36352,4.733333333333333,4.452640507557975e-06,5.019048319476111e-06,1.12255655e-07,2.5434058e-06,1.3932578e-05,1.2118375e-05,3.5973535e-06,2.748813e-06,1.5084156e-06,4.600204e-06,0.00010422803,0.000570953,0.0004966075,0.0001474185,0.02440232,0.0,23.29456693791472,14.162369161926446,"[1.3223492e-03 1.4383095e-08 3.9908208e-08 ... 1.2604373e-06 1.3099365e-06
 6.0326244e-07]","[0.00000000e+00 1.66666667e-02 3.33333333e-02 ... 6.39500000e+01
 6.39666667e+01 6.39833333e+01]"
sub-047,lab_3,EEG1,Awake,-2.985678e-07,1.6305079e-05,-1.9098192e-07,-0.0004085128,0.00036969138,2.6585562e-10,-0.16423982,4.8998036,5913600,770.0,-3.1170931883923595e-07,-2.8542630566346225e-07,1.2622043e-05,1.0947954e-05,4.3693367e-06,1.0391695e-06,9.253702e-10,6.9015643e-10,4.0801715e-10,0.0016931469,0.0014685811,0.00058611186,0.00013939635,1.2413108e-07,0.007454783,3.6999999999999997,6.776470997886931,5.529663517971448,"[4.5414008e-06 7.1986881e-07 8.2974839e-07 ... 1.8733300e-10 3.6159281e-10
 2.8358496e-10]","[0.00000000e+00 1.66666667e-02 3.33333333e-02 ... 6.39500000e+01
 6.39666667e+01 6.39833333e+01]"
sub-047,lab_3,EEG1,NREM,-2.839143e-07,1.9345958e-05,-2.149691e-07,-0.00013272016,0.00015005273,3.7426612e-10,-0.0034090248,0.3157723,4377600,570.0,-3.0203688817763494e-07,-2.6579169064590216e-07,2.5825573e-05,2.0668725e-05,9.598832e-06,1.7648583e-06,6.9483846e-10,2.9295807e-10,2.571306e-10,0.0017706994,0.0014171263,0.0006581323,0.00012100539,4.7640764e-08,0.014584957,2.6166666666666667,6.604661212667767,5.023331964721999,"[4.8434208e-06 7.7301948e-08 1.7818709e-07 ... 1.9500719e-10 1.7687177e-10
 2.3236661e-10]","[0.00000000e+00 1.66666667e-02 3.33333333e-02 ... 6.39500000e+01
 6.39666667e+01 6.39833333e+01]"
sub-047,lab_3,EEG1,REM,-2.881622e-07,1.4302226e-05,-1.9098192e-07,-9.536013e-05,8.754214e-05,2.0455368e-10,-0.018411476,-0.09110713,579072,75.4,-3.2499940694646194e-07,-2.5132498926001153e-07,5.7075977e-06,1.0220432e-05,6.591769e-06,7.209035e-07,7.157458e-10,3.6723233e-10,3.1372877e-10,0.0009486845,0.0016987823,0.0010956464,0.000119824486,1.1896721e-07,0.0060163285,7.883333333333333,7.943891281655641,4.821460233290755,"[4.3238197e-06 3.5276567e-08 1.3801562e-07 ... 2.6051919e-10 5.2408383e-10
 2.2770930e-10]","[0.00000000e+00 1.66666667e-02 3.33333333e-02 ... 6.39500000e+01
 6.39666667e+01 6.39833333e+01]"
sub-047,lab_3,EEG1,Artifact,1.3702899e-07,5.7282592e-05,-4.4284732e-07,-0.00041,0.000376,3.2812952e-09,-1.2751614,19.291794,188928,24.6,-1.21272256715191e-07,3.953302383570086e-07,0.00042344,4.6563262e-05,1.1523658e-05,1.8711115e-06,2.0844574e-08,1.1588804e-08,7.627424e-09,0.004022916,0.0004423769,0.00010948117,1.7776601e-05,1.9803505e-07,0.10525699,0.7,2.276597261725958,2.880999061550378,"[1.2451176e-04 1.3142922e-04 1.3086156e-04 ... 7.3813125e-09 8.0755482e-09
 1.1254303e-08]","[0.00000000e+00 1.66666667e-02 3.33333333e-02 ... 6.39500000e+01
 6.39666667e+01 6.39833333e+01]"
sub-047,lab_3,EEG2,Awake,1.71509e-06,3.191193e-05,2.4129092e-06,-0.00040199573,0.0003743464,1.0183715e-09,-0.17897174,0.95088077,5913600,770.0,1.6893697209502837e-06,1.7408102377907805e-06,4.196483e-05,4.3799966e-05,2.0229107e-05,4.5036036e-06,3.3982412e-09,2.3353883e-09,1.9767712e-09,0.0014432345,0.0015063476,0.0006957098,0.00015488578,1.16870694e-07,0.029076932,0.0,7.303356816309991,5.517128087489065,"[1.8059141e-04 6.7181168e-07 5.7919220e-07 ... 2.1271473e-09 2.0202378e-09
 3.1940222e-09]","[0.00000000e+00 1.66666667e-02 3.33333333e-02 ... 6.39500000e+01
 6.39666667e+01 6.39833333e+01]"
sub-047,lab_3,EEG2,NREM,1.7221529e-06,5.251382e-05,3.835355e-06,-0.00040733593,0.00038,2.7577012e-09,-0.2787874,1.5778208,4377600,570.0,1.6729598317899334e-06,1.771345943911717e-06,0.0002394943,0.000119078526,4.8126345e-05,1.3190968e-05,4.2456834e-09,2.7506017e-09,2.1914002e-09,0.0022885941,0.0011379077,0.00045989268,0.00012605215,4.0571514e-08,0.104646906,2.216666666666667,6.058948744829432,5.077936608483225,"[1.6697170e-04 2.4130424e-07 2.5739524e-07 ... 2.3085898e-09 1.5798554e-09
 1.2373527e-09]","[0.00000000e+00 1.66666667e-02 3.33333333e-02 ... 6.39500000e+01
 6.39666667e+01 6.39833333e+01]"
sub-047,lab_3,EEG2,REM,1.7217833e-06,2.8737004e-05,2.256199e-06,-0.00023989716,0.0001855227,8.2581536e-10,-0.1836463,0.60560584,579072,75.4,1.6477674752567865e-06,1.795799108625998e-06,2.8403489e-05,3.5421013e-05,2.0316826e-05,4.6558866e-06,2.5777127e-09,1.4967729e-09,1.3211578e-09,0.0011647783,0.001452555,0.0008331581,0.00019092992,1.0570757e-07,0.024385318,0.0,8.272089340544245,5.709610938375235,"[1.7621620e-04 2.6788928e-07 3.0104241e-07 ... 2.0324473e-09 9.7574104e-10
 8.0897317e-10]","[0.00000000e+00 1.66666667e-02 3.33333333e-02 ... 6.39500000e+01
 6.39666667e+01 6.39833333e+01]"
sub-047,lab_3,EEG2,Artifact,2.145309e-06,5.8644142e-05,3.3049516e-06,-0.00040998796,0.00037573266,3.4391352e-09,-1.2995802,13.202179,188928,24.6,1.880868238151038e-06,2.4097498697650507e-06,0.0003375805,8.353838e-05,3.37106e-05,7.2003445e-06,3.9388706e-08,2.4976657e-08,1.7978614e-08,0.0031504205,0.0007796097,0.00031459922,6.719616e-05,3.675893e-07,0.10715411,0.5166666666666666,3.8992545061715376,4.629344773264716,"[4.1479798e-04 8.6445041e-05 8.5220214e-05 ... 1.1586297e-08 1.8987034e-08
 2.5708317e-08]","[0.00000000e+00 1.66666667e-02 3.33333333e-02 ... 6.39500000e+01
 6.39666667e+01 6.39833333e+01]"
sub-047,lab_3,EMG,Awake,2.3896819e-06,8.864836e-06,2.3701075e-06,-0.00039,0.00032900687,7.858531e-11,0.044242803,23.362398,5913600,770.0,2.382537020760736e-06,2.3968267142361416e-06,2.5081208e-08,7.4599356e-08,2.921987e-07,4.3256975e-07,4.970729e-07,5.6538505e-07,4.618507e-07,1.5928652e-05,4.737679e-05,0.00018557046,0.00027471775,0.0003156826,0.0015745971,0.0,30.806488411232987,20.29832175983547,"[3.3828773e-04 7.1652434e-10 6.0435484e-10 ... 2.6710708e-07 4.3338042e-07
 2.8106462e-07]","[0.00000000e+00 1.66666667e-02 3.33333333e-02 ... 6.39500000e+01
 6.39666667e+01 6.39833333e+01]"
sub-047,lab_3,EMG,NREM,2.3907521e-06,4.2529746e-06,2.471046e-06,-0.000101114216,0.00012594118,1.8087792e-11,-0.14053273,2.7984972,4377600,570.0,2.3867680815531505e-06,2.3947361492243497e-06,9.444026e-09,2.148347e-08,5.633661e-08,1.688794e-07,1.4017246e-07,1.7955531e-07,1.7280173e-07,1.931146e-05,4.393011e-05,0.00011519898,0.00034533022,0.0002866293,0.0004890374,0.0,21.803981376832564,22.065729874895972,"[3.39645514e-04 7.15283555e-10 4.00880162e-10 ... 1.38548828e-07
 1.52959984e-07 1.00284595e-07]","[0.00000000e+00 1.66666667e-02 3.33333333e-02 ... 6.39500000e+01
 6.39666667e+01 6.39833333e+01]"
sub-047,lab_3,EMG,REM,2.3903342e-06,4.0900345e-06,2.5046922e-06,-5.683589e-05,6.846235e-05,1.672838e-11,-0.17243369,1.5115323,579072,75.4,2.379799796279731e-06,2.4008686088668398e-06,3.9821824e-08,2.7895663e-08,1.1878378e-07,1.4640858e-07,9.979559e-08,1.213682e-07,1.4339851e-07,9.82266e-05,6.8808906e-05,0.0002929983,0.00036113907,0.00024616104,0.00040540774,0.0,18.138104710975046,20.690747585889937,"[3.3609415e-04 6.8507411e-10 3.3269915e-10 ... 3.9081456e-08 2.4020512e-08
 8.1235875e-08]","[0.00000000e+00 1.66666667e-02 3.33333333e-02 ... 6.39500000e+01
 6.39666667e+01 6.39833333e+01]"
sub-047,lab_3,EMG,Artifact,2.3801135e-06,1.659915e-05,2.3476769e-06,-0.00038831768,0.000345,2.7553176e-10,0.16180743,110.19474,188928,24.6,2.3052638930391147e-06,2.4549631639377587e-06,6.873796e-08,1.6432024e-07,5.3173613e-07,8.989435e-07,3.5145197e-06,5.833098e-06,1.4028095e-06,8.261911e-06,1.9750356e-05,6.3911655e-05,0.00010804788,0.00042242522,0.008319862,0.0,41.286497807301366,14.214357049501542,"[3.31614952e-04 2.60494311e-08 1.14878915e-08 ... 5.56415046e-07
 9.42487247e-07 4.58906925e-07]","[0.00000000e+00 1.66666667e-02 3.33333333e-02 ... 6.39500000e+01
 6.39666667e+01 6.39833333e+01]"
sub-048,lab_3,EEG1,Awake,2.2578222e-06,5.3492924e-05,4.5102615e-06,-0.00037036889,0.00026680742,2.8614928e-09,-0.1978057,0.3956759,658944,85.8,2.1286641892736904e-06,2.3869801882603545e-06,9.8751596e-05,0.00011407972,7.547582e-05,6.1820815e-06,3.7621195e-09,1.9741635e-09,1.7707219e-09,0.0013531665,0.0015632036,0.0010342249,8.47114e-05,5.155131e-08,0.072978154,0.0,6.838040056869603,4.637290826612063,"[3.0620411e-04 1.3567698e-06 1.1094194e-06 ... 1.3928501e-09 1.5426134e-09
 1.8349683e-09]","[0.00000000e+00 1.66666667e-02 3.33333333e-02 ... 6.39500000e+01
 6.39666667e+01 6.39833333e+01]"
sub-048,lab_3,EEG1,NREM,2.2305426e-06,5.7416808e-05,2.0231632e-06,-0.0004,0.000268,3.2966898e-09,0.1360574,1.40874,1045504,136.13333333333333,2.120483724429106e-06,2.3406014301876334e-06,0.0002329257,0.00013104697,6.3832354e-05,1.4242647e-05,1.0240304e-08,6.774045e-09,3.947317e-09,0.002093884,0.0011780458,0.0005738205,0.00012803417,9.205513e-08,0.11124098,2.6666666666666665,6.243070899732432,4.989845288556774,"[2.8593486e-04 1.2365866e-06 1.3605403e-06 ... 3.1158358e-09 4.7903028e-09
 3.6929351e-09]","[0.00000000e+00 1.66666667e-02 3.33333333e-02 ... 6.39500000e+01
 6.39666667e+01 6.39833333e+01]"
sub-048,lab_3,EEG1,REM,2.235009e-06,3.1892545e-05,2.5022355e-06,-0.0002501931,0.00026091584,1.0171345e-09,0.025212428,1.7409916,138240,18.0,2.0668866268338265e-06,2.403131584743727e-06,3.523716e-05,4.664115e-05,2.3207569e-05,5.530901e-06,2.1423492e-09,1.4178283e-09,1.2743515e-09,0.0011685498,0.0015467338,0.0007696193,0.0001834181,7.10455e-08,0.030154608,0.0,8.032496117922468,5.662902547320121,"[2.9628110e-04 1.7160096e-07 3.2380200e-07 ... 1.2819934e-09 9.5968922e-10
 1.3198457e-09]","[0.00000000e+00 1.66666667e-02 3.33333333e-02 ... 6.39500000e+01
 6.39666667e+01 6.39833333e+01]"
sub-048,lab_3,EEG2,Awake,6.2652606e-07,7.375616e-05,2.894072e-06,-0.00040435963,0.0002630538,5.439971e-09,-0.18583523,0.06331158,658944,85.8,4.484427389407234e-07,8.046093800139328e-07,0.00021637375,0.0002734374,0.00012510452,1.9189314e-05,7.922468e-09,3.7891676e-09,3.2820542e-09,0.0013365952,0.0016890918,0.00077280216,0.00011853723,4.8939082e-08,0.16188428,3.433333333333333,7.303912376220916,5.116144064048953,"[2.3560948e-05 8.9783333e-07 1.0417830e-06 ... 1.7192475e-09 3.5196561e-09
 6.4729888e-09]","[0.00000000e+00 1.66666667e-02 3.33333333e-02 ... 6.39500000e+01
 6.39666667e+01 6.39833333e+01]"
sub-048,lab_3,EEG2,NREM,5.2379346e-07,0.000101894584,4.164706e-06,-0.00041,0.00026633884,1.0382506e-08,-0.2498563,0.17537498,1045504,136.13333333333333,3.2847780551536213e-07,7.191091148065569e-07,0.0007217413,0.00036323466,0.00021628778,3.416343e-05,2.9163255e-08,1.4374722e-08,7.4302435e-09,0.0022008873,0.0011076524,0.0006595508,0.000104178405,8.8930804e-08,0.32793197,2.966666666666667,6.227322705019721,4.7637884528149685,"[1.8281153e-05 3.5022319e-06 2.6621849e-06 ... 5.7744525e-09 7.5377065e-09
 6.2501551e-09]","[0.00000000e+00 1.66666667e-02 3.33333333e-02 ... 6.39500000e+01
 6.39666667e+01 6.39833333e+01]"
sub-048,lab_3,EEG2,REM,6.252193e-07,8.07321e-05,1.2463797e-06,-0.00037749036,0.000267,6.5176713e-09,-0.08052469,-0.43459463,138240,18.0,1.9963770129795594e-07,1.050800870944318e-06,0.00016178885,0.00039543697,0.00022578963,1.6937229e-05,1.893199e-08,1.3675765e-08,1.1616647e-08,0.000804198,0.0019655842,0.0011223244,8.418927e-05,9.4104564e-08,0.20118037,7.516666666666667,7.70973519501687,3.994666451140303,"[2.4286468e-05 5.9713926e-07 4.3307736e-07 ... 1.1957377e-08 9.6988293e-09
 1.4842321e-08]","[0.00000000e+00 1.66666667e-02 3.33333333e-02 ... 6.39500000e+01
 6.39666667e+01 6.39833333e+01]"
sub-048,lab_3,EMG,Awake,1.0226926e-06,2.8706532e-05,1.0144503e-06,-0.00019987398,0.00025728502,8.24065e-10,0.0050317645,0.44330502,658944,85.8,9.533810104098388e-07,1.0920041344011684e-06,5.5160918e-08,2.4550934e-06,6.399507e-06,6.7870237e-06,6.7976302e-06,6.158454e-06,3.4810007e-06,2.3640907e-06,0.00010522057,0.00027427054,0.00029087876,0.00029133333,0.023332827,0.0,33.630582727467484,14.627946830373023,"[6.1988205e-05 3.2901810e-09 3.0133591e-09 ... 1.4501541e-06 3.0708129e-06
 2.0558584e-06]","[0.00000000e+00 1.66666667e-02 3.33333333e-02 ... 6.39500000e+01
 6.39666667e+01 6.39833333e+01]"
sub-048,lab_3,EMG,NREM,1.0192384e-06,3.086747e-05,9.740902e-07,-0.00024,0.000289,9.528008e-10,0.113461524,1.8713527,1045504,136.13333333333333,9.600704110530504e-07,1.0784064393769651e-06,5.565744e-07,6.3968137e-06,1.8322438e-05,1.3333066e-05,3.554235e-06,2.7659505e-06,1.1010679e-06,2.0102703e-05,0.00023104413,0.00066178135,0.00048157206,0.0001283741,0.027686544,0.0,22.966305125874843,13.045019145183366,"[6.1677667e-05 4.8875952e-09 5.8729563e-09 ... 6.6115075e-07 3.9491738e-07
 6.3364945e-07]","[0.00000000e+00 1.66666667e-02 3.33333333e-02 ... 6.39500000e+01
 6.39666667e+01 6.39833333e+01]"
sub-048,lab_3,EMG,REM,1.0205734e-06,2.4801158e-05,6.754253e-07,-0.00013797771,0.00020040956,6.150975e-10,0.119500205,0.67085433,138240,18.0,8.89833424969764e-07,1.1513134745309813e-06,5.646917e-08,4.129613e-06,7.3804995e-06,6.3648135e-06,4.47653e-06,4.4302365e-06,2.5262905e-06,3.006613e-06,0.00021987483,0.0003929632,0.0003388846,0.00023834589,0.018781655,0.0,30.262839477924476,15.901403997453967,"[6.0982595e-05 5.8093641e-09 6.4077668e-09 ... 1.5941647e-06 1.0479459e-06
 1.2631770e-06]","[0.00000000e+00 1.66666667e-02 3.33333333e-02 ... 6.39500000e+01
 6.39666667e+01 6.39833333e+01]"
sub-048,lab_3,EEG1,Artifact,3.6239064e-06,4.7506866e-05,1.0279515e-05,-0.00013057792,0.00017009598,2.2569024e-09,-0.2403856,0.29076266,1024,0.13333333333333333,7.092941371141325e-07,6.538518708775579e-06,1.2170476e-05,1.627285e-05,4.0483606e-06,1.1333173e-06,4.418119e-09,3.848552e-09,3.1656293e-09,0.010369021,0.013864168,0.0034491285,0.0009655654,3.7641562e-06,0.0011737343,4.75,6.59291036118742,5.537141572539957,"[1.37706320e-05 1.51817380e-06 6.28743328e-06 1.72516047e-06
 1.25922998e-05 2.62850808e-05 7.82351833e-07 1.46855364e-05
 5.14198946e-05 1.91084655e-05 1.74324509e-06 1.52075854e-05
 4.42338824e-05 1.35602304e-05 7.98917699e-06 5.17633725e-06
 1.29251393e-05 1.97765326e-06 2.55926761e-06 1.26619561e-05
 1.35788810e-06 1.60911804e-05 2.59274225e-06 5.40668395e-07
 6.08230403e-06 2.35530379e-07 2.77813888e-06 1.56003243e-05
 1.93437627e-05 2.61078440e-05 7.44481611e-07 1.25083216e-05
 6.05248852e-06 4.48229639e-06 2.56876356e-05 1.38865516e-05
 6.28128328e-06 2.11663883e-05 7.28466912e-05 9.07131835e-06
 3.48978028e-05 1.90295359e-05 8.03207695e-06 5.70995799e-05
 3.96512551e-05 2.34908221e-05 3.51002245e-06 2.46620971e-06
 3.51294475e-05 3.75443938e-06 1.87916903e-05 2.02396986e-05
 2.18830282e-05 6.30876866e-06 1.46485527e-05 4.33202149e-06
 2.44753501e-05 8.90462252e-06 5.17134231e-06 1.42447134e-05
 4.54763494e-07 7.57288262e-06 9.80234518e-07 2.10586495e-06
 3.54662035e-07 1.14520162e-05 2.27099940e-06 2.55033819e-06
 2.56342651e-06 3.30219086e-06 1.80644506e-07 8.45653176e-07
 2.90087564e-06 8.74419737e-09 1.19218548e-05 5.36011748e-06
 2.59781154e-06 2.80253857e-06 9.74455247e-07 1.75084301e-06
 1.44673140e-06 2.73369301e-06 6.63163291e-07 4.09972563e-06
 4.97396650e-06 1.05325353e-05 6.12213807e-06 8.68665097e-07
 4.07918787e-06 2.02971241e-05 3.72816726e-06 3.19751939e-06
 4.68843382e-06 4.09571567e-06 5.11436497e-07 7.97687676e-07
 8.92282333e-06 4.05802029e-06 2.52678342e-06 2.09932659e-06
 2.63666266e-06 4.38818552e-06 1.43224355e-07 8.38324297e-07
 4.71761865e-07 1.17366346e-06 1.92659542e-07 1.70905672e-08
 1.83894269e-06 8.57241446e-07 6.86791509e-07 1.50837695e-06
 2.43083559e-06 3.37839396e-07 2.42299484e-06 6.49796618e-07
 1.59830404e-06 1.35917531e-07 5.62425896e-07 4.60672226e-07
 6.41436884e-07 8.49579351e-07 8.15387125e-07 6.07674792e-07
 9.05560682e-07 8.38175708e-07 4.82253427e-07 1.18979051e-05
 2.25934195e-06 7.84887277e-07 3.11245276e-06 1.22765971e-06
 2.49786967e-06 3.33144811e-07 2.59029298e-06 8.32508874e-07
 1.26542295e-06 5.00746751e-07 4.81050392e-06 7.35797840e-08
 2.98547343e-06 2.06745563e-06 3.93714208e-06 3.18759220e-07
 3.50592643e-07 4.47734180e-07 2.13675025e-06 3.42316935e-06
 2.20522361e-06 3.33784033e-06 8.59136946e-07 4.31016019e-07
 3.61272214e-06 6.37531116e-07 4.51485903e-07 8.43418604e-07
 4.37273047e-06 6.47369745e-07 1.66499262e-06 3.78252167e-07
 8.19072056e-07 2.54008637e-06 1.01109106e-06 9.75759804e-07
 4.63762262e-07 4.76669214e-07 2.92944492e-06 9.64732180e-07
 2.65317817e-06 5.77021808e-07 2.98216896e-09 2.72591524e-06
 2.50154358e-07 2.75545017e-06 5.23764720e-06 1.22198412e-06
 9.63643515e-07 1.10194506e-07 2.53801477e-06 2.55395463e-07
 2.54176371e-06 1.65359597e-06 6.75875356e-07 3.10638129e-08
 3.87072618e-07 3.32547813e-07 9.59836029e-07 1.57384420e-06
 3.04395627e-07 3.54532654e-06 1.13713486e-06 7.19920124e-09
 2.67413412e-07 2.91721207e-08 2.75571580e-07 1.24918563e-06
 2.08433576e-07 2.05422040e-07 5.30289732e-08 8.24417668e-07
 1.32069147e-07 2.31917767e-07 1.53621983e-07 3.32576263e-07
 2.47717765e-07 1.96081629e-07 6.54654144e-08 4.07456440e-07
 3.73545447e-07 1.36358366e-07 4.63137923e-07 6.61946785e-07
 1.02535289e-07 4.10311969e-07 1.88715788e-07 1.63283698e-08
 7.52437401e-09 3.33529016e-07 4.82357336e-08 7.78664671e-08
 1.29078799e-07 7.00830238e-09 2.68206186e-08 1.81398241e-09
 3.75660782e-08 1.13808198e-08 1.09854469e-07 5.59755726e-08
 5.69809133e-09 6.31789518e-08 6.40895115e-10 2.57444537e-08
 1.13020446e-08 1.90172794e-10 3.69629767e-08 1.86157454e-08
 4.54100491e-09 1.13768026e-08 1.10841754e-08 3.47254243e-08
 1.21523343e-08 9.72865077e-09 3.17238191e-09 1.12657279e-08
 2.12321414e-08 4.06954204e-09 6.31625019e-09 3.81930709e-09
 1.15319807e-08 3.07824055e-09 4.02513756e-09 9.77635128e-09
 8.31715496e-09 8.74645067e-09 4.89973040e-09 8.01002553e-09
 9.08404640e-09 7.38423722e-09 5.44438050e-09 4.60174387e-09
 4.75481388e-09 5.55862467e-09 6.69957467e-09 6.47901910e-09
 6.16177820e-09 6.08662765e-09 5.85150994e-09 8.14599410e-09
 7.94399746e-09 5.86454973e-09 6.75575373e-09 5.11081844e-09
 5.16101029e-09 6.42453202e-09 6.22637719e-09 6.02593797e-09
 6.24719654e-09 6.31122177e-09 5.86230664e-09 6.36299946e-09
 5.89913585e-09 5.75850123e-09 5.93352167e-09 5.45143175e-09
 5.22826804e-09 5.63850611e-09 5.94608585e-09 6.62819799e-09
 5.61943159e-09 5.35874545e-09 5.23659560e-09 5.13353982e-09
 5.58560265e-09 5.83266280e-09 5.52698420e-09 5.53686608e-09
 5.18927790e-09 5.34728839e-09 5.97013239e-09 5.19968202e-09
 4.95466601e-09 6.05804606e-09 4.77726836e-09 5.48326939e-09
 5.03049202e-09 5.08814590e-09 4.97507369e-09 4.66545691e-09
 4.89325513e-09 5.73642467e-09 4.85948259e-09 4.70323913e-09
 4.64509542e-09 5.19883736e-09 5.07320319e-09 5.02967357e-09
 4.98477704e-09 4.56053817e-09 5.09301312e-09 4.86621987e-09
 4.43903092e-09 5.03493025e-09 4.69957095e-09 4.28747615e-09
 4.29316671e-09 4.45537962e-09 4.52270266e-09 4.48718884e-09
 4.66599381e-09 4.86447282e-09 4.58655913e-09 4.47122517e-09
 4.83707474e-09 4.34062875e-09 4.62412997e-09 4.86229723e-09
 4.64164041e-09 4.51559190e-09 4.46008031e-09 4.72023087e-09
 4.17804458e-09 4.17029211e-09 4.54427695e-09 4.21310453e-09
 4.11589562e-09 3.68366826e-09 4.33411085e-09 4.54100135e-09
 4.26723323e-09 3.87536803e-09 4.81826268e-09 4.13766665e-09
 4.15374579e-09 4.12352552e-09 4.68382666e-09 4.68626382e-09
 3.67560271e-09 4.49816673e-09 4.11923295e-09 4.38145475e-09
 4.10649248e-09 4.71793937e-09 3.96444211e-09 3.92308852e-09
 3.72460152e-09 3.66057207e-09 3.90389987e-09 4.59658445e-09
 3.76067533e-09 3.57850327e-09 4.12768308e-09 3.78843801e-09
 4.45722437e-09 4.20449098e-09 3.76395137e-09 3.95760003e-09
 3.93256627e-09 3.72483866e-09 3.94344024e-09 3.97289268e-09
 3.94090138e-09 4.09862855e-09 4.14720391e-09 4.06984002e-09
 3.93863253e-09 3.54378682e-09 3.44577367e-09 3.89305210e-09
 4.19527169e-09 3.64981401e-09 4.06877421e-09 3.93410415e-09
 4.00371736e-09 3.88402333e-09 3.70343378e-09 3.93709110e-09
 3.96473832e-09 3.42888318e-09 3.48478069e-09 3.83592491e-09
 4.35413217e-09 4.04768397e-09 3.49008888e-09 4.09858769e-09
 3.93215194e-09 3.67673869e-09 3.70673892e-09 3.45297657e-09
 3.33490702e-09 3.79265597e-09 3.93460153e-09 7.21625870e-09
 2.29641106e-09 2.71146794e-09 3.12477044e-09 3.13148063e-09
 3.01016256e-09 3.16698889e-09 3.41600592e-09 3.34903638e-09
 3.60038843e-09 3.23001803e-09 3.41932616e-09 3.54973917e-09
 3.67704578e-09 3.16974491e-09 3.40109541e-09 2.99464897e-09
 3.23144467e-09 3.54944318e-09 3.42159900e-09 3.58864649e-09
 3.42135253e-09 3.22225979e-09 3.36735728e-09 3.93919430e-09
 3.65616382e-09 3.29861383e-09 2.88867952e-09 3.02359404e-09
 3.49956730e-09 3.26992855e-09 3.25074967e-09 3.96835809e-09
 3.16028181e-09 3.27063021e-09 2.86286705e-09 3.25303473e-09
 3.16493876e-09 3.37519301e-09 3.03226644e-09 3.31292771e-09
 3.35434058e-09 3.48035334e-09 3.76817955e-09 3.44048523e-09
 2.99084180e-09 3.40130235e-09 2.60686650e-09 3.60555230e-09
 2.96483460e-09 3.31734329e-09 3.25261706e-09 2.98215186e-09
 3.05798453e-09 3.37299455e-09 3.19892401e-09 3.50950291e-09
 2.88059177e-09 3.42703732e-09 3.70679709e-09 3.22478377e-09
 3.47216811e-09 3.39139739e-09 3.35780848e-09 3.21504201e-09
 3.21098792e-09 3.10640558e-09 2.92514413e-09 3.48712148e-09
 2.70194178e-09 3.20437610e-09 2.79323120e-09 3.27348038e-09
 3.27470184e-09 3.44114759e-09 2.91320168e-09 3.13314819e-09
 2.91439251e-09 3.55639407e-09 3.09404169e-09 3.20076321e-09
 2.51162868e-09 2.93755575e-09 3.18357052e-09 3.59179886e-09
 3.20867577e-09 3.68091402e-09 3.22209748e-09 3.21154903e-09
 3.79820619e-09 3.11655035e-09 3.38357675e-09 2.47404763e-09
 3.09650483e-09 3.60880748e-09 3.65575592e-09 3.05760839e-09
 3.26229510e-09 3.01825476e-09 2.93170466e-09 3.87654664e-09]","[ 0.     0.125  0.25   0.375  0.5    0.625  0.75   0.875  1.     1.125
  1.25   1.375  1.5    1.625  1.75   1.875  2.     2.125  2.25   2.375
  2.5    2.625  2.75   2.875  3.     3.125  3.25   3.375  3.5    3.625
  3.75   3.875  4.     4.125  4.25   4.375  4.5    4.625  4.75   4.875
  5.     5.125  5.25   5.375  5.5    5.625  5.75   5.875  6.     6.125
  6.25   6.375  6.5    6.625  6.75   6.875  7.     7.125  7.25   7.375
  7.5    7.625  7.75   7.875  8.     8.125  8.25   8.375  8.5    8.625
  8.75   8.875  9.     9.125  9.25   9.375  9.5    9.625  9.75   9.875
 10.    10.125 10.25  10.375 10.5   10.625 10.75  10.875 11.    11.125
 11.25  11.375 11.5   11.625 11.75  11.875 12.    12.125 12.25  12.375
 12.5   12.625 12.75  12.875 13.    13.125 13.25  13.375 13.5   13.625
 13.75  13.875 14.    14.125 14.25  14.375 14.5   14.625 14.75  14.875
 15.    15.125 15.25  15.375 15.5   15.625 15.75  15.875 16.    16.125
 16.25  16.375 16.5   16.625 16.75  16.875 17.    17.125 17.25  17.375
 17.5   17.625 17.75  17.875 18.    18.125 18.25  18.375 18.5   18.625
 18.75  18.875 19.    19.125 19.25  19.375 19.5   19.625 19.75  19.875
 20.    20.125 20.25  20.375 20.5   20.625 20.75  20.875 21.    21.125
 21.25  21.375 21.5   21.625 21.75  21.875 22.    22.125 22.25  22.375
 22.5   22.625 22.75  22.875 23.    23.125 23.25  23.375 23.5   23.625
 23.75  23.875 24.    24.125 24.25  24.375 24.5   24.625 24.75  24.875
 25.    25.125 25.25  25.375 25.5   25.625 25.75  25.875 26.    26.125
 26.25  26.375 26.5   26.625 26.75  26.875 27.    27.125 27.25  27.375
 27.5   27.625 27.75  27.875 28.    28.125 28.25  28.375 28.5   28.625
 28.75  28.875 29.    29.125 29.25  29.375 29.5   29.625 29.75  29.875
 30.    30.125 30.25  30.375 30.5   30.625 30.75  30.875 31.    31.125
 31.25  31.375 31.5   31.625 31.75  31.875 32.    32.125 32.25  32.375
 32.5   32.625 32.75  32.875 33.    33.125 33.25  33.375 33.5   33.625
 33.75  33.875 34.    34.125 34.25  34.375 34.5   34.625 34.75  34.875
 35.    35.125 35.25  35.375 35.5   35.625 35.75  35.875 36.    36.125
 36.25  36.375 36.5   36.625 36.75  36.875 37.    37.125 37.25  37.375
 37.5   37.625 37.75  37.875 38.    38.125 38.25  38.375 38.5   38.625
 38.75  38.875 39.    39.125 39.25  39.375 39.5   39.625 39.75  39.875
 40.    40.125 40.25  40.375 40.5   40.625 40.75  40.875 41.    41.125
 41.25  41.375 41.5   41.625 41.75  41.875 42.    42.125 42.25  42.375
 42.5   42.625 42.75  42.875 43.    43.125 43.25  43.375 43.5   43.625
 43.75  43.875 44.    44.125 44.25  44.375 44.5   44.625 44.75  44.875
 45.    45.125 45.25  45.375 45.5   45.625 45.75  45.875 46.    46.125
 46.25  46.375 46.5   46.625 46.75  46.875 47.    47.125 47.25  47.375
 47.5   47.625 47.75  47.875 48.    48.125 48.25  48.375 48.5   48.625
 48.75  48.875 49.    49.125 49.25  49.375 49.5   49.625 49.75  49.875
 50.    50.125 50.25  50.375 50.5   50.625 50.75  50.875 51.    51.125
 51.25  51.375 51.5   51.625 51.75  51.875 52.    52.125 52.25  52.375
 52.5   52.625 52.75  52.875 53.    53.125 53.25  53.375 53.5   53.625
 53.75  53.875 54.    54.125 54.25  54.375 54.5   54.625 54.75  54.875
 55.    55.125 55.25  55.375 55.5   55.625 55.75  55.875 56.    56.125
 56.25  56.375 56.5   56.625 56.75  56.875 57.    57.125 57.25  57.375
 57.5   57.625 57.75  57.875 58.    58.125 58.25  58.375 58.5   58.625
 58.75  58.875 59.    59.125 59.25  59.375 59.5   59.625 59.75  59.875
 60.    60.125 60.25  60.375 60.5   60.625 60.75  60.875 61.    61.125
 61.25  61.375 61.5   61.625 61.75  61.875 62.    62.125 62.25  62.375
 62.5   62.625 62.75  62.875 63.    63.125 63.25  63.375 63.5   63.625
 63.75  63.875]"
sub-048,lab_3,EEG2,Artifact,7.320612e-07,7.243668e-05,5.4611655e-06,-0.00027125297,0.0001856381,5.2470717e-09,-0.41720226,0.4187014,1024,0.13333333333333333,-3.712029235933257e-06,5.176151655680839e-06,2.7714303e-05,4.094913e-05,7.984897e-06,2.4765689e-06,3.0670402e-09,1.4272006e-09,1.4787304e-09,0.010083044,0.014898151,0.0029050726,0.0009010276,1.1158535e-06,0.0027486049,4.625,6.752590889842911,5.0825245828011525,"[5.61946138e-07 1.72226606e-07 1.08551475e-07 2.09026689e-06
 1.76876563e-06 7.01768795e-06 7.81610470e-06 9.56736676e-06
 4.32405031e-05 5.34154606e-06 5.52440952e-06 9.67033702e-06
 4.78660440e-05 1.78895243e-05 3.18168204e-05 3.00334905e-05
 2.22463814e-06 1.63936493e-05 2.67337919e-06 4.19447570e-05
 8.24438121e-06 6.32722877e-05 3.76347671e-05 1.01063752e-05
 2.09615464e-05 2.78068856e-05 1.86928355e-05 5.45829571e-05
 6.28517228e-05 1.70169660e-04 1.23499831e-05 2.35993375e-05
 1.26530394e-05 1.30294766e-05 3.66965105e-05 3.25944202e-05
 5.64853144e-06 1.99567483e-04 8.68110292e-05 2.81280836e-06
 8.45510003e-05 1.69294683e-04 7.53514712e-07 1.12796210e-04
 2.18853238e-05 7.99297486e-05 1.52569028e-05 8.41562633e-06
 3.03772631e-05 4.70824634e-05 2.27181918e-05 4.00592762e-05
 6.29000788e-05 6.72828719e-06 1.86122088e-05 1.32099331e-06
 1.05247018e-04 3.26651862e-05 1.67683520e-05 9.41190592e-06
 5.00085798e-06 6.53778043e-05 9.37670492e-08 6.22662469e-07
 3.63854952e-06 1.07442083e-05 2.10256003e-05 1.08139157e-05
 7.46501257e-07 3.76723233e-06 2.98863924e-05 1.47080004e-06
 1.27819349e-05 4.63913557e-06 1.49067660e-06 8.25950565e-07
 3.25580640e-06 5.18469869e-06 1.57526592e-05 8.72878263e-06
 8.52785706e-06 1.04393723e-06 2.93149587e-05 6.61046261e-06
 5.39523853e-06 5.19004516e-06 5.60140563e-07 2.08947057e-07
 1.32609912e-05 2.65772160e-05 1.22887093e-06 2.47598246e-06
 3.58002268e-07 7.86901910e-06 4.88301976e-06 1.67886833e-06
 1.35651653e-05 6.81759366e-06 4.99981070e-06 7.22491336e-07
 6.05592459e-06 3.47204036e-07 6.93158836e-06 3.07369260e-06
 3.02642684e-06 4.04490322e-07 2.53356944e-07 1.47949251e-07
 2.27436999e-06 4.95625272e-07 5.90763011e-06 7.36959646e-06
 8.87447732e-06 5.39848270e-06 2.60197316e-06 4.51938149e-06
 3.95870165e-06 4.89867716e-06 1.54899135e-06 2.36650362e-06
 3.43368538e-06 1.33844958e-06 3.23223617e-06 6.64127128e-07
 1.10453345e-06 5.39892744e-06 1.02118411e-05 8.17027376e-06
 6.59253146e-06 2.18252944e-06 1.32875016e-06 7.19952766e-07
 9.01900250e-07 2.17551019e-06 2.38816438e-06 5.84638747e-06
 9.81083667e-06 1.15721343e-06 1.48947856e-05 3.48829212e-06
 2.44657804e-05 7.59575323e-06 4.86150338e-06 1.02715899e-06
 1.21867981e-06 9.57459520e-07 5.98233873e-06 3.40607289e-06
 9.06647620e-06 9.08346749e-07 9.31047339e-07 1.45590855e-06
 6.72327451e-06 2.40093385e-07 3.15233706e-06 7.75959393e-07
 1.41907367e-06 1.16209117e-06 6.66582196e-07 5.32674107e-07
 1.53065491e-06 2.07685025e-06 2.71636395e-07 2.84223938e-06
 1.71360432e-06 8.75136891e-07 5.39883047e-07 1.80442828e-06
 1.82319957e-06 4.65815629e-06 1.91859885e-06 1.05685615e-06
 9.06234789e-07 1.19445659e-07 1.89696016e-06 1.20700179e-06
 8.41402994e-07 2.61520654e-06 9.83579184e-07 8.49404671e-07
 1.29016632e-06 4.14185308e-07 1.39543783e-06 3.68857900e-06
 2.45149431e-06 8.27710483e-06 4.46891363e-07 2.73229398e-06
 8.94896914e-07 1.07724122e-06 5.24103086e-07 3.86208467e-06
 3.83330462e-06 9.40128075e-07 5.50031746e-06 1.72015621e-06
 3.09252368e-06 1.18377136e-06 1.49800201e-07 1.17547847e-06
 7.52171673e-07 4.43217459e-06 1.15283024e-06 8.06651599e-07
 5.06047536e-06 1.58115699e-06 1.99848569e-06 5.80602375e-07
 2.57267698e-06 5.48280603e-08 7.67908773e-07 1.92602874e-06
 3.02390902e-07 6.70081761e-07 5.81815414e-08 1.12269004e-06
 2.01819844e-07 2.39559448e-08 9.36151778e-08 8.40045828e-08
 1.10630623e-07 1.12205846e-07 1.09975362e-09 7.29615834e-08
 2.95654246e-07 7.93078270e-10 4.06494308e-07 1.28934417e-07
 2.96853901e-08 5.51462449e-08 7.89091192e-09 1.21508009e-07
 3.13860653e-08 1.11952145e-08 5.63656783e-08 8.26537949e-09
 6.00943295e-09 3.09764103e-09 5.61724223e-09 5.19876515e-08
 1.27175230e-08 1.64764646e-08 1.27085968e-08 4.10182555e-09
 1.42266030e-08 2.44456047e-08 1.67396585e-08 1.33121185e-08
 3.81618577e-08 1.95116669e-08 1.09598943e-08 1.34045637e-08
 6.51114140e-09 5.79163917e-09 5.13291143e-09 1.20597994e-08
 1.33158915e-08 4.41160086e-09 6.38923581e-09 5.03016295e-09
 6.23028074e-09 7.16232096e-09 7.37498906e-09 5.57163427e-09
 5.60877567e-09 4.56380223e-09 5.77443249e-09 6.95585278e-09
 8.09078760e-09 4.83818496e-09 4.52732030e-09 5.37801936e-09
 4.29586633e-09 5.21853449e-09 3.88647203e-09 3.91767996e-09
 4.70980410e-09 3.82606657e-09 4.85798024e-09 4.95577357e-09
 4.58566829e-09 4.54582016e-09 4.70245975e-09 3.88661725e-09
 5.06094100e-09 4.09649648e-09 3.64475605e-09 3.80616072e-09
 3.48596840e-09 3.54115892e-09 3.20193205e-09 3.80985510e-09
 3.33632899e-09 3.65735220e-09 3.51327767e-09 3.19443205e-09
 3.39097372e-09 3.03164227e-09 3.36407369e-09 2.86990498e-09
 2.94265057e-09 3.01078518e-09 3.56519458e-09 2.87933011e-09
 3.10775117e-09 3.10404880e-09 2.62044142e-09 2.96830738e-09
 3.40201400e-09 3.09208636e-09 2.83532131e-09 2.55343702e-09
 2.50400078e-09 3.14340376e-09 3.06726666e-09 3.24450977e-09
 2.43584353e-09 2.58590571e-09 3.35416628e-09 2.68876610e-09
 2.73470580e-09 2.84707635e-09 2.36909559e-09 2.41735698e-09
 2.95169045e-09 2.58078825e-09 2.36879627e-09 2.24791719e-09
 2.36487430e-09 2.03800066e-09 2.30691510e-09 2.41811682e-09
 2.45249243e-09 2.41691089e-09 2.12046758e-09 2.37084219e-09
 2.13334084e-09 2.68227285e-09 2.13080797e-09 2.72249978e-09
 2.63473354e-09 2.29224151e-09 2.19458207e-09 2.57800981e-09
 2.33763742e-09 2.76448286e-09 1.89120852e-09 1.92907201e-09
 1.60612490e-09 2.13806106e-09 1.68005954e-09 1.80225879e-09
 2.69390932e-09 2.08875695e-09 1.81127568e-09 1.73744341e-09
 2.47519316e-09 2.01219663e-09 2.35565034e-09 1.96354732e-09
 2.38407671e-09 1.82530580e-09 2.64069677e-09 2.47846299e-09
 2.04956718e-09 2.50075782e-09 2.01368011e-09 1.24707622e-09
 2.05242157e-09 2.17472951e-09 1.98367589e-09 2.48552179e-09
 1.16389187e-09 1.98919192e-09 2.30051111e-09 1.68249692e-09
 1.59756253e-09 1.61181690e-09 1.95537986e-09 1.94407757e-09
 2.05178607e-09 2.18627672e-09 1.76292447e-09 2.16324159e-09
 2.09414375e-09 2.00447481e-09 2.12776374e-09 1.77704462e-09
 1.96201100e-09 1.45960022e-09 1.51619051e-09 1.82532101e-09
 1.83099169e-09 2.05823536e-09 1.55810287e-09 1.33729039e-09
 1.39023093e-09 1.63273317e-09 1.74168679e-09 1.29746447e-09
 1.15144749e-09 1.41143108e-09 1.33897038e-09 1.43090928e-09
 1.44993162e-09 1.81811255e-09 1.44944068e-09 2.16143858e-09
 1.93115857e-09 1.76369497e-09 1.29344013e-09 2.71642264e-10
 2.77826651e-09 2.14304485e-09 2.22600227e-09 2.23647967e-09
 2.04520223e-09 2.07389261e-09 1.74410197e-09 1.90975968e-09
 1.57694513e-09 1.16165721e-09 1.66619274e-09 1.20703580e-09
 1.29524735e-09 1.44993184e-09 1.42114465e-09 1.53610868e-09
 1.19810262e-09 1.52463364e-09 1.99382377e-09 1.31710032e-09
 1.54045887e-09 1.19581289e-09 1.29998057e-09 1.54477864e-09
 1.17948362e-09 1.88620541e-09 1.31356903e-09 1.57576163e-09
 1.25090394e-09 1.72064329e-09 1.78168547e-09 1.81143323e-09
 1.89870164e-09 1.45612977e-09 1.80255633e-09 1.23146371e-09
 1.57572411e-09 8.31176572e-10 1.83845050e-09 1.54933322e-09
 1.43586554e-09 1.45167789e-09 1.53630486e-09 1.49756441e-09
 1.19789156e-09 1.66674108e-09 1.65285374e-09 1.00770969e-09
 1.77829218e-09 1.82301363e-09 1.42826717e-09 1.33532774e-09
 1.51362256e-09 1.28872901e-09 1.31029954e-09 1.26397104e-09
 1.28832844e-09 1.43639001e-09 1.47367318e-09 2.09478013e-09
 1.48239943e-09 1.54500712e-09 1.49960055e-09 1.32926703e-09
 1.41742407e-09 1.41782408e-09 1.91563232e-09 1.46052381e-09
 1.92335459e-09 1.11255083e-09 1.24870336e-09 1.26171273e-09
 1.67579750e-09 1.32033062e-09 1.66351877e-09 1.42000300e-09
 1.44476664e-09 1.34790989e-09 1.42017487e-09 1.04724773e-09
 1.18144905e-09 1.38055523e-09 1.35004785e-09 1.13856025e-09
 2.42349274e-09 1.16652132e-09 1.36721179e-09 1.34022782e-09
 1.33504119e-09 1.69238346e-09 1.44688117e-09 2.11748974e-09
 2.13993179e-09 1.31053846e-09 1.12983012e-09 8.40629011e-10
 9.70058922e-10 1.08128417e-09 1.38588530e-09 2.23702745e-09]","[ 0.     0.125  0.25   0.375  0.5    0.625  0.75   0.875  1.     1.125
  1.25   1.375  1.5    1.625  1.75   1.875  2.     2.125  2.25   2.375
  2.5    2.625  2.75   2.875  3.     3.125  3.25   3.375  3.5    3.625
  3.75   3.875  4.     4.125  4.25   4.375  4.5    4.625  4.75   4.875
  5.     5.125  5.25   5.375  5.5    5.625  5.75   5.875  6.     6.125
  6.25   6.375  6.5    6.625  6.75   6.875  7.     7.125  7.25   7.375
  7.5    7.625  7.75   7.875  8.     8.125  8.25   8.375  8.5    8.625
  8.75   8.875  9.     9.125  9.25   9.375  9.5    9.625  9.75   9.875
 10.    10.125 10.25  10.375 10.5   10.625 10.75  10.875 11.    11.125
 11.25  11.375 11.5   11.625 11.75  11.875 12.    12.125 12.25  12.375
 12.5   12.625 12.75  12.875 13.    13.125 13.25  13.375 13.5   13.625
 13.75  13.875 14.    14.125 14.25  14.375 14.5   14.625 14.75  14.875
 15.    15.125 15.25  15.375 15.5   15.625 15.75  15.875 16.    16.125
 16.25  16.375 16.5   16.625 16.75  16.875 17.    17.125 17.25  17.375
 17.5   17.625 17.75  17.875 18.    18.125 18.25  18.375 18.5   18.625
 18.75  18.875 19.    19.125 19.25  19.375 19.5   19.625 19.75  19.875
 20.    20.125 20.25  20.375 20.5   20.625 20.75  20.875 21.    21.125
 21.25  21.375 21.5   21.625 21.75  21.875 22.    22.125 22.25  22.375
 22.5   22.625 22.75  22.875 23.    23.125 23.25  23.375 23.5   23.625
 23.75  23.875 24.    24.125 24.25  24.375 24.5   24.625 24.75  24.875
 25.    25.125 25.25  25.375 25.5   25.625 25.75  25.875 26.    26.125
 26.25  26.375 26.5   26.625 26.75  26.875 27.    27.125 27.25  27.375
 27.5   27.625 27.75  27.875 28.    28.125 28.25  28.375 28.5   28.625
 28.75  28.875 29.    29.125 29.25  29.375 29.5   29.625 29.75  29.875
 30.    30.125 30.25  30.375 30.5   30.625 30.75  30.875 31.    31.125
 31.25  31.375 31.5   31.625 31.75  31.875 32.    32.125 32.25  32.375
 32.5   32.625 32.75  32.875 33.    33.125 33.25  33.375 33.5   33.625
 33.75  33.875 34.    34.125 34.25  34.375 34.5   34.625 34.75  34.875
 35.    35.125 35.25  35.375 35.5   35.625 35.75  35.875 36.    36.125
 36.25  36.375 36.5   36.625 36.75  36.875 37.    37.125 37.25  37.375
 37.5   37.625 37.75  37.875 38.    38.125 38.25  38.375 38.5   38.625
 38.75  38.875 39.    39.125 39.25  39.375 39.5   39.625 39.75  39.875
 40.    40.125 40.25  40.375 40.5   40.625 40.75  40.875 41.    41.125
 41.25  41.375 41.5   41.625 41.75  41.875 42.    42.125 42.25  42.375
 42.5   42.625 42.75  42.875 43.    43.125 43.25  43.375 43.5   43.625
 43.75  43.875 44.    44.125 44.25  44.375 44.5   44.625 44.75  44.875
 45.    45.125 45.25  45.375 45.5   45.625 45.75  45.875 46.    46.125
 46.25  46.375 46.5   46.625 46.75  46.875 47.    47.125 47.25  47.375
 47.5   47.625 47.75  47.875 48.    48.125 48.25  48.375 48.5   48.625
 48.75  48.875 49.    49.125 49.25  49.375 49.5   49.625 49.75  49.875
 50.    50.125 50.25  50.375 50.5   50.625 50.75  50.875 51.    51.125
 51.25  51.375 51.5   51.625 51.75  51.875 52.    52.125 52.25  52.375
 52.5   52.625 52.75  52.875 53.    53.125 53.25  53.375 53.5   53.625
 53.75  53.875 54.    54.125 54.25  54.375 54.5   54.625 54.75  54.875
 55.    55.125 55.25  55.375 55.5   55.625 55.75  55.875 56.    56.125
 56.25  56.375 56.5   56.625 56.75  56.875 57.    57.125 57.25  57.375
 57.5   57.625 57.75  57.875 58.    58.125 58.25  58.375 58.5   58.625
 58.75  58.875 59.    59.125 59.25  59.375 59.5   59.625 59.75  59.875
 60.    60.125 60.25  60.375 60.5   60.625 60.75  60.875 61.    61.125
 61.25  61.375 61.5   61.625 61.75  61.875 62.    62.125 62.25  62.375
 62.5   62.625 62.75  62.875 63.    63.125 63.25  63.375 63.5   63.625
 63.75  63.875]"
sub-048,lab_3,EMG,Artifact,1.020662e-06,2.4979925e-05,1.9917601e-07,-0.00011075885,8.297777e-05,6.2399663e-10,-0.116460204,0.5220151,1024,0.13333333333333333,-5.11891054705494e-07,2.5532150782994094e-06,4.1239225e-09,2.759585e-07,1.4327935e-06,8.830975e-07,5.250626e-07,5.9845183e-07,2.773284e-07,1.2610708e-05,0.0008438646,0.0043813963,0.0027004592,0.0016056099,0.00032701754,13.875,29.162513366776217,15.555424850134163,"[1.09235509e-06 5.70007722e-11 2.80306490e-11 1.35178075e-11
 3.42120464e-11 1.67509947e-11 3.19306942e-11 1.20889132e-10
 5.86975468e-11 1.52349786e-10 1.03725244e-10 2.61628025e-10
 2.83321665e-11 5.33588063e-10 1.32744120e-11 6.96302252e-11
 6.18933793e-10 2.96632267e-11 3.17309734e-09 3.29798500e-09
 7.12334680e-09 4.75782480e-09 1.14558736e-08 3.84767995e-09
 1.77343384e-09 2.72267631e-09 6.75442413e-09 2.86501471e-08
 1.07023181e-08 6.59742039e-09 1.56388538e-08 9.99087479e-09
 1.03418940e-09 8.69063665e-09 7.72879147e-08 1.58858100e-08
 4.51077398e-08 2.13162664e-07 5.70085099e-08 1.49333260e-07
 2.93721278e-08 1.62148964e-07 1.46403814e-08 4.22429792e-07
 1.45356879e-07 1.16824528e-09 1.36426593e-07 4.12316314e-09
 7.25516571e-08 4.45284115e-07 2.66084310e-09 3.26100356e-08
 9.23496444e-08 1.44032108e-09 3.49302915e-08 6.83970640e-08
 4.28165293e-07 1.55889427e-06 1.22765789e-06 1.65126448e-06
 8.90093872e-07 8.66595826e-07 1.37079752e-07 1.05142455e-07
 8.33657143e-09 4.61598262e-07 4.85957116e-07 2.82788562e-07
 2.12931482e-07 4.51791180e-07 1.72901434e-06 7.57256203e-07
 1.00611987e-06 3.93460056e-08 4.65488347e-06 6.14525334e-07
 5.31758985e-07 5.21957855e-09 2.08997358e-06 2.47971639e-06
 3.33542084e-06 1.06202992e-06 1.31780109e-06 2.75915022e-06
 2.45621482e-06 4.48351830e-06 3.62989681e-07 2.37884251e-06
 2.10214148e-06 1.88616229e-06 4.45405703e-07 2.10421305e-07
 1.32914261e-06 4.13222824e-06 2.00745217e-06 8.79845913e-07
 3.22201828e-07 2.19758181e-06 1.60254751e-06 8.11878294e-07
 1.84554921e-07 3.51050772e-07 1.04124888e-06 1.17119862e-06
 1.27944077e-07 1.05127378e-06 5.19921343e-07 8.76745162e-07
 5.30091313e-07 3.35740680e-08 1.94629052e-07 5.79795824e-06
 5.02480816e-07 8.33294337e-07 5.98980634e-08 7.85007558e-07
 1.56327326e-06 6.19824164e-07 3.09360360e-07 1.41882094e-06
 3.11190263e-07 2.47936487e-06 1.06485061e-06 2.74597994e-07
 3.56943104e-07 7.10864072e-07 6.36100538e-07 6.50667573e-07
 8.73240651e-07 1.42108874e-07 1.19776598e-06 6.79236152e-08
 4.62980836e-07 1.27359840e-06 5.62157254e-07 4.13542125e-07
 7.68164170e-07 9.79544410e-08 3.57690823e-07 5.67353084e-07
 4.27675468e-06 1.72265220e-06 4.32046050e-07 3.06142709e-07
 6.25482102e-08 3.87059430e-07 1.51442612e-06 4.87395866e-08
 2.04632238e-06 1.80967845e-07 1.08719644e-06 5.76266821e-08
 2.03639661e-06 3.87939849e-07 7.93964773e-07 3.35883442e-07
 1.80251027e-06 1.51940253e-06 7.54515895e-07 8.20967159e-07
 7.32913691e-07 2.92986641e-07 2.58228823e-07 4.18830069e-07
 6.06456695e-07 7.03720637e-09 2.38973797e-07 8.04300157e-07
 3.86871790e-07 2.98987311e-06 2.91274364e-06 8.99860879e-07
 8.31591223e-08 9.53688868e-07 8.76963611e-07 7.27987924e-07
 1.17076195e-06 1.98688198e-07 4.54497069e-07 3.68280766e-08
 3.76261164e-06 3.65890230e-07 1.68576571e-06 5.58977433e-07
 1.18277603e-06 5.34670960e-07 5.81631355e-07 1.21555638e-06
 3.55491011e-07 2.82445143e-07 3.83461781e-07 3.76141907e-06
 2.26801376e-06 7.78606307e-07 1.42532724e-06 1.62380059e-06
 4.26055919e-08 6.05187589e-09 4.04018976e-07 9.82983352e-07
 6.45308660e-08 1.76221693e-06 3.10082442e-07 9.07811398e-07
 2.39268797e-06 9.71754957e-07 3.10598466e-07 1.22914412e-06
 2.10827125e-06 3.39987849e-07 4.34307026e-07 2.55300620e-07
 5.71667442e-08 1.31594859e-07 9.30451620e-07 4.44178426e-07
 7.25039087e-08 8.64854783e-08 1.38736782e-08 2.01106317e-07
 1.75937828e-07 4.03525860e-07 5.33233731e-07 1.76610763e-06
 1.81538610e-07 5.28457008e-07 4.45285741e-06 9.30652163e-07
 8.04629252e-08 3.61455562e-07 1.88415345e-06 9.02410591e-08
 1.52531834e-06 8.87254259e-07 1.04168134e-06 9.75732632e-07
 1.18855064e-06 1.83410316e-06 3.65290646e-07 1.78982646e-06
 2.54806114e-08 2.21058968e-07 2.61600519e-07 1.30582362e-06
 6.61975292e-08 8.53676170e-07 1.90001356e-06 1.89185482e-06
 6.71409339e-07 1.41178316e-06 6.75021454e-07 1.02175125e-06
 6.52829840e-07 1.11097779e-06 3.07763088e-07 5.48317416e-07
 5.62209209e-07 1.04998719e-06 3.20317866e-07 4.58054274e-06
 2.58503491e-07 1.29333799e-07 3.25465834e-07 7.48750551e-07
 3.59066746e-07 3.80607048e-08 6.67718211e-07 2.67522239e-07
 2.31916189e-07 5.88546129e-07 2.57199673e-07 7.78621768e-07
 4.78750678e-07 8.91449830e-08 1.71992340e-08 6.69653105e-07
 3.18150683e-07 1.57696877e-06 1.05195136e-06 3.88545089e-07
 8.54859650e-07 1.02365607e-06 2.84752247e-07 1.90673120e-06
 4.62436873e-07 9.88311626e-07 2.42275064e-07 1.10346753e-06
 9.39065899e-07 1.54321708e-06 7.48328262e-08 5.45614284e-07
 2.52335326e-07 6.00356486e-07 7.43541335e-08 1.29798224e-07
 1.20848156e-07 3.59632217e-08 1.86164506e-09 1.92162446e-07
 1.02289982e-06 1.13096597e-07 3.02712664e-07 1.45266438e-06
 1.89696422e-07 8.55893177e-07 1.07697758e-06 1.03773147e-07
 1.36020706e-09 1.56765907e-06 2.29845159e-06 5.73411185e-08
 4.63030176e-07 3.96969426e-07 6.48843525e-07 8.54186396e-07
 3.18540373e-07 1.97588122e-07 9.98368137e-07 1.33730055e-07
 1.32463094e-06 1.34314193e-09 2.52414452e-07 1.12681323e-06
 8.41106782e-07 2.29824295e-07 8.87539642e-08 1.56113936e-06
 1.79182365e-07 8.02935745e-08 3.19215729e-07 6.73152385e-07
 2.85880652e-08 1.69699675e-07 1.35090033e-07 1.28893134e-07
 2.96467846e-07 3.16500461e-07 3.85054562e-07 3.65750225e-07
 5.96998348e-07 1.30485591e-06 1.58254829e-06 5.45182786e-07
 5.98994120e-07 9.07959816e-07 1.42816461e-07 1.63018569e-07
 4.02231478e-07 5.69718736e-07 1.74786419e-06 5.79237394e-07
 4.97126109e-07 1.07489291e-06 1.04582932e-06 5.95165886e-07
 4.05563139e-09 1.03523087e-06 5.13388500e-07 1.78489336e-06
 1.02305671e-06 3.72295858e-07 1.33441617e-07 4.20626748e-07
 1.13317284e-08 2.26814606e-07 2.72730749e-09 4.69976072e-07
 4.87779801e-07 3.33243406e-07 1.07128635e-08 2.63452584e-08
 8.06125570e-07 1.27790622e-06 1.30404715e-07 2.91598088e-08
 1.22450979e-06 5.47514901e-07 1.31632749e-09 5.77861208e-08
 4.80666301e-07 9.05137540e-07 2.00307024e-08 9.35216917e-07
 8.05179923e-07 5.48841399e-07 9.09245514e-08 4.59801129e-07
 3.59202716e-07 1.76393178e-06 8.80137861e-07 1.01034789e-06
 1.95320382e-07 9.38911342e-07 1.97949998e-06 2.63238888e-07
 1.03496382e-06 2.18347324e-07 1.97744171e-07 2.67463719e-07
 1.65732104e-07 6.65613754e-07 9.75743930e-08 1.78318817e-06
 9.55439305e-07 2.35715731e-07 8.14158227e-07 3.42259625e-07
 3.10000303e-07 4.12980441e-08 3.40484121e-06 1.20041864e-06
 6.37387643e-07 2.23190159e-06 6.25050973e-07 3.08812503e-07
 2.74672232e-07 7.98474318e-08 1.88554488e-08 6.32975741e-07
 2.91855940e-07 3.04769941e-07 5.52915594e-07 3.01952809e-07
 1.13834553e-09 8.18942340e-07 7.12931580e-07 2.11282952e-07
 8.71758971e-07 3.62829297e-07 1.08318352e-06 7.19102786e-07
 4.50708164e-08 2.57755289e-07 3.25109681e-07 8.36841309e-07
 1.37705896e-07 1.14819954e-06 1.24564693e-07 2.16223938e-07
 9.20301773e-07 1.97727402e-07 3.90211454e-08 6.59715170e-07
 1.21108712e-06 8.26583815e-08 1.59495841e-07 2.72639533e-09
 2.32885100e-07 1.88022071e-07 4.05371665e-08 5.49736797e-07
 3.39731443e-08 3.29670343e-07 2.21598285e-07 1.30394497e-07
 2.04618999e-07 9.82567144e-07 1.85772990e-07 2.57803521e-07
 8.21997503e-07 1.86013864e-07 6.06974879e-07 8.81947670e-08
 1.07695520e-07 8.96739536e-08 5.42235199e-08 1.20279950e-07
 8.11723950e-08 3.78995367e-07 1.74364047e-07 7.49122194e-07
 5.19444399e-08 1.01833803e-06 1.07368784e-07 2.27361497e-07
 9.51823367e-08 1.71268120e-08 2.52911803e-07 1.02638751e-06
 1.09267930e-07 2.35018533e-07 7.07485626e-08 6.43204544e-07
 1.95110658e-07 5.60402533e-08 8.63927685e-09 5.12105714e-07
 8.78260380e-08 1.86732095e-07 5.15993747e-07 1.53028793e-07
 6.72029330e-07 2.49120461e-07 7.56079999e-09 2.38826576e-08
 2.25838424e-08 2.79615460e-08 1.20291332e-07 3.49365308e-07
 1.20121086e-07 2.21945527e-07 4.72389615e-07 9.62697072e-07
 8.70486332e-08 9.37141209e-08 2.73820120e-07 1.95434595e-07
 1.14529421e-07 3.70025077e-08 4.60288305e-07 2.41721978e-07]","[ 0.     0.125  0.25   0.375  0.5    0.625  0.75   0.875  1.     1.125
  1.25   1.375  1.5    1.625  1.75   1.875  2.     2.125  2.25   2.375
  2.5    2.625  2.75   2.875  3.     3.125  3.25   3.375  3.5    3.625
  3.75   3.875  4.     4.125  4.25   4.375  4.5    4.625  4.75   4.875
  5.     5.125  5.25   5.375  5.5    5.625  5.75   5.875  6.     6.125
  6.25   6.375  6.5    6.625  6.75   6.875  7.     7.125  7.25   7.375
  7.5    7.625  7.75   7.875  8.     8.125  8.25   8.375  8.5    8.625
  8.75   8.875  9.     9.125  9.25   9.375  9.5    9.625  9.75   9.875
 10.    10.125 10.25  10.375 10.5   10.625 10.75  10.875 11.    11.125
 11.25  11.375 11.5   11.625 11.75  11.875 12.    12.125 12.25  12.375
 12.5   12.625 12.75  12.875 13.    13.125 13.25  13.375 13.5   13.625
 13.75  13.875 14.    14.125 14.25  14.375 14.5   14.625 14.75  14.875
 15.    15.125 15.25  15.375 15.5   15.625 15.75  15.875 16.    16.125
 16.25  16.375 16.5   16.625 16.75  16.875 17.    17.125 17.25  17.375
 17.5   17.625 17.75  17.875 18.    18.125 18.25  18.375 18.5   18.625
 18.75  18.875 19.    19.125 19.25  19.375 19.5   19.625 19.75  19.875
 20.    20.125 20.25  20.375 20.5   20.625 20.75  20.875 21.    21.125
 21.25  21.375 21.5   21.625 21.75  21.875 22.    22.125 22.25  22.375
 22.5   22.625 22.75  22.875 23.    23.125 23.25  23.375 23.5   23.625
 23.75  23.875 24.    24.125 24.25  24.375 24.5   24.625 24.75  24.875
 25.    25.125 25.25  25.375 25.5   25.625 25.75  25.875 26.    26.125
 26.25  26.375 26.5   26.625 26.75  26.875 27.    27.125 27.25  27.375
 27.5   27.625 27.75  27.875 28.    28.125 28.25  28.375 28.5   28.625
 28.75  28.875 29.    29.125 29.25  29.375 29.5   29.625 29.75  29.875
 30.    30.125 30.25  30.375 30.5   30.625 30.75  30.875 31.    31.125
 31.25  31.375 31.5   31.625 31.75  31.875 32.    32.125 32.25  32.375
 32.5   32.625 32.75  32.875 33.    33.125 33.25  33.375 33.5   33.625
 33.75  33.875 34.    34.125 34.25  34.375 34.5   34.625 34.75  34.875
 35.    35.125 35.25  35.375 35.5   35.625 35.75  35.875 36.    36.125
 36.25  36.375 36.5   36.625 36.75  36.875 37.    37.125 37.25  37.375
 37.5   37.625 37.75  37.875 38.    38.125 38.25  38.375 38.5   38.625
 38.75  38.875 39.    39.125 39.25  39.375 39.5   39.625 39.75  39.875
 40.    40.125 40.25  40.375 40.5   40.625 40.75  40.875 41.    41.125
 41.25  41.375 41.5   41.625 41.75  41.875 42.    42.125 42.25  42.375
 42.5   42.625 42.75  42.875 43.    43.125 43.25  43.375 43.5   43.625
 43.75  43.875 44.    44.125 44.25  44.375 44.5   44.625 44.75  44.875
 45.    45.125 45.25  45.375 45.5   45.625 45.75  45.875 46.    46.125
 46.25  46.375 46.5   46.625 46.75  46.875 47.    47.125 47.25  47.375
 47.5   47.625 47.75  47.875 48.    48.125 48.25  48.375 48.5   48.625
 48.75  48.875 49.    49.125 49.25  49.375 49.5   49.625 49.75  49.875
 50.    50.125 50.25  50.375 50.5   50.625 50.75  50.875 51.    51.125
 51.25  51.375 51.5   51.625 51.75  51.875 52.    52.125 52.25  52.375
 52.5   52.625 52.75  52.875 53.    53.125 53.25  53.375 53.5   53.625
 53.75  53.875 54.    54.125 54.25  54.375 54.5   54.625 54.75  54.875
 55.    55.125 55.25  55.375 55.5   55.625 55.75  55.875 56.    56.125
 56.25  56.375 56.5   56.625 56.75  56.875 57.    57.125 57.25  57.375
 57.5   57.625 57.75  57.875 58.    58.125 58.25  58.375 58.5   58.625
 58.75  58.875 59.    59.125 59.25  59.375 59.5   59.625 59.75  59.875
 60.    60.125 60.25  60.375 60.5   60.625 60.75  60.875 61.    61.125
 61.25  61.375 61.5   61.625 61.75  61.875 62.    62.125 62.25  62.375
 62.5   62.625 62.75  62.875 63.    63.125 63.25  63.375 63.5   63.625
 63.75  63.875]"
sub-049,lab_3,EEG1,Awake,2.6873047e-06,1.7503315e-05,2.737316e-06,-0.00042,0.000275,3.0636602e-10,-2.2704628,89.85775,6296576,819.8666666666667,2.673633183497815e-06,2.7009761891680577e-06,1.6992679e-05,7.380738e-06,3.7165773e-06,2.244838e-06,8.040691e-10,2.1888119e-10,1.759174e-10,0.0019604992,0.00085153914,0.00042879328,0.00025899406,9.2768e-08,0.008667527,0.0,7.451401825216731,7.289764862820611,"[4.2914180e-04 2.0749292e-07 3.2451027e-07 ... 1.6090088e-10 1.7110466e-10
 1.4330963e-10]","[0.00000000e+00 1.66666667e-02 3.33333333e-02 ... 6.39500000e+01
 6.39666667e+01 6.39833333e+01]"
sub-049,lab_3,EEG1,NREM,2.688804e-06,1.9865562e-05,2.4934004e-06,-0.00017079263,0.00017367964,3.9464054e-10,0.046897814,0.619607,4182016,544.5333333333333,2.6697644569622875e-06,2.7078435197353306e-06,3.0137382e-05,1.4158452e-05,6.5299328e-06,2.6103537e-06,1.0603244e-09,5.6534616e-10,4.8692306e-10,0.0021330325,0.0010020924,0.00046216886,0.00018475292,7.504654e-08,0.01412889,0.0,6.447601922223701,6.378471505339825,"[4.1745807e-04 2.4303353e-07 4.4326151e-07 ... 5.8849398e-10 6.4101774e-10
 3.0392083e-10]","[0.00000000e+00 1.66666667e-02 3.33333333e-02 ... 6.39500000e+01
 6.39666667e+01 6.39833333e+01]"
sub-049,lab_3,EEG1,REM,2.6858843e-06,1.3708533e-05,2.673686e-06,-0.00011099092,0.000112287176,1.8792386e-10,-0.038368743,1.2730498,580608,75.6,2.6506229452038573e-06,2.7211456207610277e-06,1.1419308e-05,5.6085955e-06,2.8872469e-06,1.425134e-06,5.873315e-10,2.2666652e-10,1.8764855e-10,0.0019076944,0.00093696447,0.0004823396,0.00023808097,9.811882e-08,0.0059859212,0.0,6.94331976036113,7.117246845793104,"[4.2247368e-04 4.2994657e-07 3.2701087e-07 ... 1.4781754e-10 1.8822040e-10
 2.2688733e-10]","[0.00000000e+00 1.66666667e-02 3.33333333e-02 ... 6.39500000e+01
 6.39666667e+01 6.39833333e+01]"
sub-049,lab_3,EEG2,Awake,3.5575838e-06,5.1253584e-05,4.4883805e-06,-0.00043,0.000294,2.6269298e-09,-0.26464063,2.544486,6296576,819.8666666666667,3.517550603632892e-06,3.597616987476747e-06,0.00011949002,0.00011214098,5.1082377e-05,1.14817185e-05,6.795082e-09,3.7904333e-09,1.2677169e-09,0.0015565903,0.0014608548,0.0006654475,0.00014957176,8.851918e-08,0.07676395,0.0,6.965887956622942,5.584208684483271,"[7.2456099e-04 7.4580782e-07 6.9197949e-07 ... 8.4673485e-10 8.1712426e-10
 8.6767049e-10]","[0.00000000e+00 1.66666667e-02 3.33333333e-02 ... 6.39500000e+01
 6.39666667e+01 6.39833333e+01]"
sub-049,lab_3,EEG2,NREM,3.495358e-06,8.811751e-05,7.0735027e-06,-0.00040516513,0.00027215903,7.764695e-09,-0.29834524,0.51844645,4182016,544.5333333333333,3.4109044984219887e-06,3.57981147567585e-06,0.0007309788,0.00025066885,9.5393014e-05,1.9644427e-05,1.3383403e-08,8.434514e-09,6.326967e-09,0.002831307,0.000970918,0.00036948666,7.6088945e-05,5.1838057e-08,0.25817716,1.5833333333333333,4.855579728170962,4.4657433426446795,"[7.4067240e-04 1.8416713e-06 2.9412104e-06 ... 4.0994412e-09 7.1568231e-09
 7.5929556e-09]","[0.00000000e+00 1.66666667e-02 3.33333333e-02 ... 6.39500000e+01
 6.39666667e+01 6.39833333e+01]"
sub-049,lab_3,EEG2,REM,3.5281525e-06,5.4122476e-05,4.0133364e-06,-0.0004037069,0.0002653427,2.9292426e-09,-0.10518474,0.4816773,580608,75.6,3.3889377111725677e-06,3.6673673828383274e-06,0.00011573331,0.00013007641,5.6678196e-05,1.0642434e-05,4.9008655e-09,3.2334688e-09,2.7393052e-09,0.0014356665,0.001613592,0.00070309045,0.00013201892,6.079502e-08,0.08061295,0.0,7.071148896010605,5.183052217374141,"[7.4017764e-04 6.1128736e-07 3.3694761e-07 ... 3.2875456e-09 2.3245599e-09
 2.6342333e-09]","[0.00000000e+00 1.66666667e-02 3.33333333e-02 ... 6.39500000e+01
 6.39666667e+01 6.39833333e+01]"
sub-049,lab_3,EMG,Awake,1.2012932e-06,3.105226e-05,1.4944686e-06,-0.00053,0.000396,9.642428e-10,-0.33792788,11.07766,6296576,819.8666666666667,1.177038906865175e-06,1.2255475535830445e-06,1.2170115e-07,1.3312008e-06,4.718812e-06,6.7986316e-06,8.91243e-06,1.0311699e-05,7.5995313e-06,4.5079946e-06,4.9309692e-05,0.00017479193,0.0002518316,0.00033012987,0.026996737,0.0,37.71755183728857,15.631667996516997,"[8.6798325e-05 5.0933835e-08 7.2077071e-08 ... 8.1648568e-06 3.8719645e-06
 3.0903618e-06]","[0.00000000e+00 1.66666667e-02 3.33333333e-02 ... 6.39500000e+01
 6.39666667e+01 6.39833333e+01]"
sub-049,lab_3,EMG,NREM,1.2384205e-06,8.298218e-06,1.7205463e-06,-0.00037055873,0.0002587567,6.886042e-11,-0.88584024,10.940057,4182016,544.5333333333333,1.2304673392299653e-06,1.2463736792761276e-06,1.3312148e-09,1.6923053e-08,1.955692e-07,2.7859693e-07,3.1582564e-07,3.6073789e-07,2.722382e-07,1.33601e-06,1.6984011e-05,0.00019627366,0.00027960047,0.00031696327,0.0009964108,0.0,34.6523492536935,18.050525857374648,"[9.1426671e-05 3.6838871e-10 3.0551134e-10 ... 1.6543102e-07 1.5245476e-07
 2.2840216e-07]","[0.00000000e+00 1.66666667e-02 3.33333333e-02 ... 6.39500000e+01
 6.39666667e+01 6.39833333e+01]"
sub-049,lab_3,EMG,REM,1.2359712e-06,7.749743e-06,1.7346762e-06,-0.00030616898,0.00018598797,6.005852e-11,-0.9187857,12.927311,580608,75.6,1.2160372072039074e-06,1.2559052728384366e-06,1.8769548e-09,1.8113084e-08,1.9491632e-07,2.9828573e-07,4.3018275e-07,4.76996e-07,3.9078446e-07,1.499818e-06,1.447362e-05,0.00015575175,0.00023835113,0.00034374607,0.001251455,0.0,36.28010297607751,17.1727562394825,"[8.9849636e-05 1.1035282e-09 7.6882561e-10 ... 2.4243263e-07 4.1252594e-07
 3.1146590e-07]","[0.00000000e+00 1.66666667e-02 3.33333333e-02 ... 6.39500000e+01
 6.39666667e+01 6.39833333e+01]"
sub-050,lab_3,EEG1,Awake,4.4236012e-06,7.363244e-07,4.422858e-06,-1.99991e-05,3.9e-05,5.421736e-13,0.2661404,22.034672,6295552,819.7333333333333,4.423026064308852e-06,4.424176415646888e-06,2.4225674e-08,6.9565225e-09,4.9085003e-09,2.099852e-09,3.8491203e-11,1.9067773e-11,1.3520036e-11,0.002351287,0.0006751838,0.00047640753,0.00020380672,3.735866e-06,1.0303154e-05,0.0,0.06600836468051695,1.0344420806557937,"[1.1532478e-03 7.4516937e-10 9.5566521e-10 ... 3.4091458e-12 4.9308218e-12
 4.7812873e-12]","[0.00000000e+00 1.66666667e-02 3.33333333e-02 ... 6.39500000e+01
 6.39666667e+01 6.39833333e+01]"
sub-050,lab_3,EEG1,NREM,4.4262965e-06,4.8056427e-07,4.4264593e-06,-2.0909438e-07,7.8457315e-06,2.3094203e-13,-0.024818396,0.28471708,4173824,543.4666666666667,4.425835493818983e-06,4.426757561234165e-06,1.3530216e-08,3.0127913e-09,2.3638012e-09,1.898352e-09,3.4392357e-11,1.2686898e-11,8.6712425e-12,0.002160484,0.00048107788,0.00037744813,0.0003031259,5.4917186e-06,6.2625854e-06,0.0,0.04917979594318113,0.9537501048636059,"[1.1531926e-03 2.5170932e-10 4.0947409e-10 ... 6.0951153e-12 5.2495851e-12
 4.3831969e-12]","[0.00000000e+00 1.66666667e-02 3.33333333e-02 ... 6.39500000e+01
 6.39666667e+01 6.39833333e+01]"
sub-050,lab_3,EEG1,REM,4.4261496e-06,4.608192e-07,4.4273593e-06,2.078523e-06,6.763592e-06,2.1235432e-13,-0.031167332,0.26676702,578560,75.33333333333333,4.424962220352707e-06,4.427337067911769e-06,1.0576352e-08,2.7398799e-09,2.3196234e-09,1.8331183e-09,3.443047e-11,1.2283993e-11,8.697071e-12,0.0019249805,0.00049868005,0.00042219,0.00033364218,6.2666204e-06,5.4942643e-06,0.0,0.04684624400167206,0.9386902031985166,"[1.1554172e-03 1.0187257e-09 6.4972727e-10 ... 6.2157376e-12 3.9416365e-12
 5.6799838e-12]","[0.00000000e+00 1.66666667e-02 3.33333333e-02 ... 6.39500000e+01
 6.39666667e+01 6.39833333e+01]"
sub-050,lab_3,EEG1,Artifact,4.414607e-06,5.951873e-07,4.415656e-06,1.348394e-06,6.859922e-06,3.5424796e-13,-0.12110975,0.89114594,11264,1.4666666666666666,4.403613661290946e-06,4.425599922958428e-06,3.202964e-08,3.6824572e-09,3.266171e-09,1.9036739e-09,6.102003e-11,2.522148e-11,2.4855814e-11,0.0030189424,0.00034708873,0.0003078518,0.00017943012,5.7514217e-06,1.0609556e-05,0.0,0.058823572678745974,1.0326151961058148,"[1.1531217e-03 9.5253605e-10 3.0080236e-09 ... 3.2533809e-11 1.5279049e-12
 2.5787822e-12]","[0.00000000e+00 1.66666667e-02 3.33333333e-02 ... 6.39500000e+01
 6.39666667e+01 6.39833333e+01]"
sub-050,lab_3,EEG2,Awake,1.8786379e-06,3.8309565e-05,1.8716717e-06,-0.00032393623,0.0002648478,1.4676227e-09,-0.008429192,0.4974501,6295552,819.7333333333333,1.8487126276842156e-06,1.908563235197e-06,7.10214e-05,7.231014e-05,2.6747748e-05,5.8467217e-06,2.9646272e-09,6.971107e-10,6.1544503e-10,0.0015774096,0.001606033,0.00059407664,0.00012985768,6.5845384e-08,0.04502407,0.0,6.8601413786131875,5.329891241237517,"[2.0084184e-04 4.2671792e-07 5.7270415e-07 ... 5.4899341e-10 6.2692396e-10
 7.1803141e-10]","[0.00000000e+00 1.66666667e-02 3.33333333e-02 ... 6.39500000e+01
 6.39666667e+01 6.39833333e+01]"
sub-050,lab_3,EEG2,NREM,1.8803431e-06,7.1208946e-05,3.1603722e-06,-0.0004,0.000265,5.070714e-09,-0.13709015,0.40125442,4173824,543.4666666666667,1.812028168070365e-06,1.9486580725688233e-06,0.00023978254,0.00018999379,9.143572e-05,1.1896409e-05,4.2586037e-09,2.8246978e-09,2.332526e-09,0.0018326966,0.0014521531,0.00069885794,9.0926165e-05,3.2549192e-08,0.13083592,2.5166666666666666,6.211773227637967,4.517427369407961,"[2.1224019e-04 9.7624934e-07 1.0788083e-06 ... 2.5171347e-09 2.3892637e-09
 1.6021822e-09]","[0.00000000e+00 1.66666667e-02 3.33333333e-02 ... 6.39500000e+01
 6.39666667e+01 6.39833333e+01]"
sub-050,lab_3,EEG2,REM,1.8684445e-06,4.3513934e-05,2.6935988e-06,-0.00025270254,0.00026035256,1.8934625e-09,-0.06645697,-0.030778885,578560,75.33333333333333,1.7563192552743045e-06,1.9805698291193197e-06,5.404338e-05,0.00012180834,4.651557e-05,5.702181e-06,4.2962864e-09,3.0578897e-09,2.7805185e-09,0.0009330057,0.002102901,0.0008030455,9.844254e-05,7.4171155e-08,0.057923954,6.55,7.3385553246257,4.412666041984633,"[2.1436973e-04 4.1365070e-07 5.2205741e-07 ... 2.6738538e-09 2.5963824e-09
 2.5407618e-09]","[0.00000000e+00 1.66666667e-02 3.33333333e-02 ... 6.39500000e+01
 6.39666667e+01 6.39833333e+01]"
sub-050,lab_3,EEG2,Artifact,-2.0671544e-06,7.288842e-05,3.4958418e-07,-0.00039810248,0.00026260526,5.3127214e-09,-0.11715898,3.1942883,11264,1.4666666666666666,-3.4134059276152104e-06,-7.209027828753758e-07,0.00032398198,9.388945e-05,3.3641838e-05,5.86674e-06,4.1572147e-08,3.221389e-08,2.7937487e-08,0.0030771142,0.0008917427,0.00031952324,5.572109e-05,3.9484368e-07,0.105287604,0.6833333333333333,3.594117292144544,4.503039957135169,"[4.52140651e-11 1.20705976e-04 1.38047080e-05 ... 5.27076438e-10
 5.48115402e-08 1.62351754e-09]","[0.00000000e+00 1.66666667e-02 3.33333333e-02 ... 6.39500000e+01
 6.39666667e+01 6.39833333e+01]"
sub-050,lab_3,EMG,Awake,3.5037156e-06,1.434409e-05,3.1293507e-06,-0.00041,0.000327,2.0575291e-10,0.07956351,18.83325,6295552,819.7333333333333,3.492510755310883e-06,3.5149203671634895e-06,4.7166452e-08,7.545492e-07,3.5289581e-06,2.8088607e-06,2.088023e-06,2.2375282e-06,1.4267639e-06,5.661669e-06,9.057302e-05,0.00042360177,0.0003371642,0.0002506378,0.008330839,0.0,29.404925244909865,17.85953325821766,"[7.2361779e-04 1.6268356e-08 1.5109721e-08 ... 1.2056722e-06 1.2880997e-06
 1.1312227e-06]","[0.00000000e+00 1.66666667e-02 3.33333333e-02 ... 6.39500000e+01
 6.39666667e+01 6.39833333e+01]"
sub-050,lab_3,EMG,NREM,3.5127337e-06,6.151631e-06,3.7366292e-06,-0.00021147614,0.00020823206,3.7842566e-11,-0.48054117,5.279068,4173824,543.4666666666667,3.506832032728811e-06,3.5186352791764203e-06,1.4963774e-08,2.6887486e-07,8.262498e-07,4.938144e-07,1.4265576e-07,2.1878813e-07,9.841083e-08,1.3723973e-05,0.00024659763,0.0007577921,0.00045290016,0.00013083624,0.0010903383,0.0,14.15060037088919,16.317106362160317,"[7.2856917e-04 5.4444138e-10 3.5249059e-10 ... 3.1005701e-08 1.0466931e-07
 7.0464466e-08]","[0.00000000e+00 1.66666667e-02 3.33333333e-02 ... 6.39500000e+01
 6.39666667e+01 6.39833333e+01]"
sub-050,lab_3,EMG,REM,3.5106302e-06,4.660819e-06,3.6016786e-06,-0.00026606373,0.00021657652,2.172323e-11,-0.4427941,59.111885,578560,75.33333333333333,3.498620376948124e-06,3.522640067214057e-06,5.352305e-09,1.8048236e-07,3.260251e-07,2.3556225e-07,9.614575e-08,1.1527325e-07,5.812682e-08,9.336984e-06,0.0003148477,0.00056874397,0.00041093343,0.00016772424,0.000573237,0.0,11.49825956650397,16.671389939250833,"[7.2818768e-04 1.2503312e-09 6.7304307e-10 ... 3.5055645e-08 2.8487998e-08
 3.6250164e-08]","[0.00000000e+00 1.66666667e-02 3.33333333e-02 ... 6.39500000e+01
 6.39666667e+01 6.39833333e+01]"
sub-050,lab_3,EMG,Artifact,3.508204e-06,1.0721726e-05,3.4892196e-06,-0.00012488272,0.00022014146,1.149554e-10,1.1170782,36.24756,11264,1.4666666666666666,3.310173274768518e-06,3.706234560412353e-06,3.8150052e-08,3.9216778e-07,1.4863584e-06,1.1443684e-06,1.4293962e-06,1.6328628e-06,1.1065769e-06,8.272099e-06,8.503398e-05,0.00032228802,0.0002481341,0.00030993685,0.004611895,0.0,31.317267517666746,19.751743305628505,"[7.2879740e-04 2.1674939e-08 5.0895924e-08 ... 7.8605626e-07 8.5086498e-09
 6.5403020e-07]","[0.00000000e+00 1.66666667e-02 3.33333333e-02 ... 6.39500000e+01
 6.39666667e+01 6.39833333e+01]"
sub-051,lab_3,EEG1,Awake,3.707159e-07,1.6490709e-05,2.5535974e-07,-0.00019999294,0.00026288696,2.7194347e-10,0.058311373,1.8084602,2376192,309.4,3.497483800289509e-07,3.916834106006255e-07,1.3747449e-05,6.394513e-06,3.0198971e-06,1.192016e-06,1.0167521e-09,6.784589e-10,5.926583e-10,0.0021325997,0.0009919612,0.0004684674,0.0001849138,1.5772565e-07,0.0064463336,0.3333333333333333,5.790229980884476,6.597093660069749,"[9.5463138e-06 1.3900914e-06 5.8669220e-06 ... 4.4823384e-10 4.0165188e-10
 5.9394478e-10]","[0.00000000e+00 1.66666667e-02 3.33333333e-02 ... 6.39500000e+01
 6.39666667e+01 6.39833333e+01]"
sub-051,lab_3,EEG1,NREM,4.099412e-07,2.082006e-05,-1.2614633e-07,-0.00019712458,0.00018200061,4.3347492e-10,0.21684846,1.2519965,1200128,156.26666666666668,3.72692012747371e-07,4.471904034335461e-07,2.0560334e-05,1.06408515e-05,5.0288986e-06,1.5576926e-06,5.7347854e-10,3.2327616e-10,2.782766e-10,0.0021038342,0.0010888241,0.00051458157,0.00015939075,5.8681138e-08,0.0097727915,0.5666666666666667,5.852804648297167,6.055907668550635,"[8.3508339e-06 2.0352925e-06 2.1515666e-06 ... 1.6426537e-10 2.1503113e-10
 2.3566940e-10]","[0.00000000e+00 1.66666667e-02 3.33333333e-02 ... 6.39500000e+01
 6.39666667e+01 6.39833333e+01]"
sub-051,lab_3,EEG1,REM,3.8951268e-07,1.5301066e-05,1.9884031e-07,-0.0001048213,0.00011602832,2.3412264e-10,0.13695346,1.4001274,106496,13.866666666666667,2.9761381514544694e-07,4.814115410779815e-07,1.7040024e-05,5.9307026e-06,2.5122165e-06,9.711613e-07,7.486895e-10,4.796547e-10,4.184497e-10,0.0025552295,0.00088933605,0.00037671838,0.00014563008,1.1226942e-07,0.006668686,0.55,4.91500201853993,6.213660038498454,"[9.8394303e-06 8.1204189e-07 2.3218340e-06 ... 3.1606207e-10 4.2555032e-10
 4.5195367e-10]","[0.00000000e+00 1.66666667e-02 3.33333333e-02 ... 6.39500000e+01
 6.39666667e+01 6.39833333e+01]"
sub-051,lab_3,EEG1,Artifact,5.196152e-07,2.9398829e-05,-6.0425727e-09,-0.00018642121,0.000263,8.642911e-10,0.30388644,5.925396,55808,7.266666666666667,2.7569756314400573e-07,7.63532806171186e-07,6.162313e-05,5.3580798e-06,3.1618995e-06,1.2187653e-06,3.85904e-09,2.359163e-09,2.0102215e-09,0.0037635462,0.0003272372,0.00019310859,7.4434385e-05,2.3568548e-07,0.016373686,0.5666666666666667,2.2326182748966654,4.440283580794009,"[3.4763598e-05 1.5353657e-05 1.1076288e-05 ... 2.8876548e-09 1.4817469e-09
 1.7642913e-09]","[0.00000000e+00 1.66666667e-02 3.33333333e-02 ... 6.39500000e+01
 6.39666667e+01 6.39833333e+01]"
sub-051,lab_3,EEG2,Awake,2.2873464e-06,4.9461887e-05,3.3622491e-06,-0.0004019098,0.0002724496,2.4464784e-09,-0.1447879,0.4285984,2376192,309.4,2.2244569084656754e-06,2.350235957833626e-06,9.311599e-05,0.00010297902,3.5805373e-05,8.0798345e-06,7.4060273e-09,5.184365e-09,4.295866e-09,0.0015099514,0.0016698885,0.0005806132,0.00013102108,1.2009475e-07,0.061668202,0.0,6.725532936598742,5.381859670508677,"[2.93337798e-04 2.59731360e-06 1.03861585e-05 ... 3.75678422e-09
 3.79571219e-09 3.49821616e-09]","[0.00000000e+00 1.66666667e-02 3.33333333e-02 ... 6.39500000e+01
 6.39666667e+01 6.39833333e+01]"
sub-051,lab_3,EEG2,NREM,2.0148286e-06,9.141003e-05,5.2436867e-06,-0.00041,0.000275,8.355794e-09,-0.30078858,1.0022068,1200128,156.26666666666668,1.8512868084561691e-06,2.1783704394275642e-06,0.00026833036,0.00024909174,0.00012383655,2.9412238e-05,4.3780123e-08,2.281612e-08,1.0582339e-08,0.0015115299,0.001403157,0.00069758284,0.00016568188,2.466175e-07,0.17752236,3.55,7.261172695771988,5.307265264154677,"[2.6402494e-04 4.1561348e-06 4.7293879e-06 ... 1.3466723e-08 9.2276178e-09
 1.0646216e-08]","[0.00000000e+00 1.66666667e-02 3.33333333e-02 ... 6.39500000e+01
 6.39666667e+01 6.39833333e+01]"
sub-051,lab_3,EEG2,REM,2.2870781e-06,5.303553e-05,2.8500801e-06,-0.00040256832,0.00026647083,2.8127671e-09,-0.16776508,2.0188231,106496,13.866666666666667,1.9685444881035954e-06,2.60561177632166e-06,0.00010394566,0.00013496047,5.218372e-05,1.5467895e-05,1.3987178e-08,6.885603e-09,5.2995186e-09,0.0012436134,0.0016146769,0.00062432984,0.00018505902,1.6734361e-07,0.08358358,0.0,7.751155876949978,5.701466740331332,"[3.0889455e-04 1.5616677e-06 4.2355668e-06 ... 3.3385912e-09 8.1313019e-09
 3.9963020e-09]","[0.00000000e+00 1.66666667e-02 3.33333333e-02 ... 6.39500000e+01
 6.39666667e+01 6.39833333e+01]"
sub-051,lab_3,EEG2,Artifact,2.6438167e-06,6.305793e-05,3.5608452e-06,-0.00038197704,0.00026795507,3.9763024e-09,-0.14232913,1.4986811,55808,7.266666666666667,2.120634628987935e-06,3.166998855852691e-06,0.00020871595,0.00012871365,7.2970906e-05,1.4430793e-05,3.8093017e-08,1.6420831e-08,1.1749014e-08,0.0019313811,0.0011910691,0.00067524606,0.00013353728,3.5249886e-07,0.10806565,1.0666666666666667,5.946148615441857,5.695747139681672,"[5.83980116e-04 8.94726181e-05 1.27708045e-04 ... 4.97492847e-09
 1.10741984e-08 7.40279749e-09]","[0.00000000e+00 1.66666667e-02 3.33333333e-02 ... 6.39500000e+01
 6.39666667e+01 6.39833333e+01]"
sub-051,lab_3,EMG,Awake,-2.4852264e-07,1.38635105e-05,-1.4978257e-07,-0.00053,0.000351,1.9219693e-10,-1.4605943,57.771664,2376192,309.4,-2.6614973750346583e-07,-2.3089554032177072e-07,1.1653958e-08,1.4921413e-07,4.0109896e-07,4.152231e-07,7.0975e-07,8.8192314e-07,6.9540215e-07,5.739517e-06,7.348722e-05,0.00019753927,0.00020449533,0.00034954838,0.0020304772,0.0,39.726245743919016,16.027090270944488,"[2.8120455e-06 3.3238983e-09 4.7132374e-09 ... 8.5867941e-07 7.4565617e-07
 7.1084025e-07]","[0.00000000e+00 1.66666667e-02 3.33333333e-02 ... 6.39500000e+01
 6.39666667e+01 6.39833333e+01]"
sub-051,lab_3,EMG,NREM,-2.2092419e-07,4.0124796e-06,-5.568017e-08,-8.133326e-05,0.00012714387,1.6099993e-11,-0.3555049,5.2330027,1200128,156.26666666666668,-2.2810292463799684e-07,-2.1374546079715386e-07,8.836039e-10,1.5178435e-08,4.7227772e-08,8.4109615e-08,6.567517e-08,1.1710259e-07,6.218695e-08,3.6819006e-06,6.3247215e-05,0.000196794,0.00035047744,0.0002736627,0.00023998582,0.0,35.22780797927738,16.56396127005618,"[2.9671842e-06 1.0837014e-09 3.1966896e-10 ... 3.8199818e-08 2.8568499e-08
 4.1642743e-08]","[0.00000000e+00 1.66666667e-02 3.33333333e-02 ... 6.39500000e+01
 6.39666667e+01 6.39833333e+01]"
sub-051,lab_3,EMG,REM,-2.1911117e-07,3.7853026e-06,-4.2236973e-08,-6.1397e-05,4.6659436e-05,1.4328516e-11,-0.42419258,4.6523647,106496,13.866666666666667,-2.418458602160904e-07,-1.9637648352992932e-07,8.669527e-10,1.7417046e-08,8.8546535e-08,1.5429828e-07,1.2456229e-07,9.0339e-08,9.526689e-08,1.9416552e-06,3.900778e-05,0.00019831168,0.0003455714,0.00027897375,0.00044650186,0.0,35.4398027525588,16.05967212508431,"[2.7307813e-06 8.0579571e-10 3.0398373e-10 ... 1.3520383e-07 2.3626797e-07
 3.8539548e-07]","[0.00000000e+00 1.66666667e-02 3.33333333e-02 ... 6.39500000e+01
 6.39666667e+01 6.39833333e+01]"
sub-051,lab_3,EMG,Artifact,-2.7115772e-07,1.4125215e-05,-6.912337e-08,-0.0004681344,0.00025422242,1.995217e-10,-1.7302748,63.56778,55808,7.266666666666667,-3.8835250142650526e-07,-1.5396293202289766e-07,2.0888233e-07,2.611069e-07,7.836086e-07,1.020115e-06,2.0104715e-06,2.2909458e-06,1.8999931e-06,3.8005273e-05,4.7507318e-05,0.00014257434,0.00018560569,0.00036579696,0.0054961406,41.36666666666667,40.38674918386996,15.52854122316268,"[3.9114016e-06 1.7530512e-07 1.4440049e-07 ... 1.8506317e-06 9.5149750e-07
 1.6668398e-06]","[0.00000000e+00 1.66666667e-02 3.33333333e-02 ... 6.39500000e+01
 6.39666667e+01 6.39833333e+01]"
sub-052,lab_3,EEG1,Awake,1.2143778e-07,4.4567827e-05,2.2574197e-07,-0.00041,0.000374,1.9862914e-09,0.72806686,20.28779,6049792,787.7333333333333,8.592379248191453e-08,1.569517654056862e-07,8.0061836e-05,2.0941228e-05,5.542034e-06,1.601375e-06,2.8248466e-09,2.1326703e-09,2.0589095e-09,0.0032049573,0.0008382988,0.0002218533,6.410468e-05,1.130815e-07,0.024980625,0.6333333333333333,3.7492854020044737,4.547413344067368,"[1.8514818e-05 3.0679271e-06 3.1244806e-06 ... 1.2000336e-09 1.5072764e-09
 2.0812609e-09]","[0.00000000e+00 1.66666667e-02 3.33333333e-02 ... 6.39500000e+01
 6.39666667e+01 6.39833333e+01]"
sub-052,lab_3,EEG1,NREM,3.1022543e-07,4.0618703e-05,3.5733578e-07,-0.00040746384,0.0003710451,1.6498789e-09,1.0045255,18.214256,4266496,555.5333333333333,2.716830411972333e-07,3.487678210459271e-07,8.540508e-05,1.7835613e-05,5.4002044e-06,1.4185769e-06,1.4189658e-09,1.0214298e-09,1.0865538e-09,0.0034026878,0.00071060203,0.00021515359,5.6518584e-05,5.653408e-08,0.0250993,0.5166666666666666,3.6088672720561235,4.327295396272646,"[1.8820112e-05 1.1918725e-06 1.8880913e-06 ... 7.7703516e-10 8.8014679e-10
 7.1998435e-10]","[0.00000000e+00 1.66666667e-02 3.33333333e-02 ... 6.39500000e+01
 6.39666667e+01 6.39833333e+01]"
sub-052,lab_3,EEG1,REM,4.2909662e-07,3.6067475e-05,-1.5564202e-09,-0.00039992708,0.00036842522,1.3008626e-09,1.5829635,21.060173,742912,96.73333333333333,3.4708108200563125e-07,5.111121500283234e-07,6.601519e-05,1.068894e-05,3.821403e-06,1.0021857e-06,9.122361e-10,5.781208e-10,6.4977884e-10,0.0035725113,0.00057844806,0.00020680095,5.4234784e-05,4.9367028e-08,0.018478652,0.6333333333333333,3.2326980446346085,4.290538437919536,"[1.8774550e-05 4.2696092e-07 1.2781376e-06 ... 7.0890843e-10 3.5489292e-10
 6.7136535e-10]","[0.00000000e+00 1.66666667e-02 3.33333333e-02 ... 6.39500000e+01
 6.39666667e+01 6.39833333e+01]"
sub-052,lab_3,EEG2,Awake,2.8949592e-06,4.4901975e-05,3.82475e-06,-0.00039927816,0.0003614748,2.0161874e-09,-0.08439467,0.7703521,6049792,787.7333333333333,2.8591788934661172e-06,2.93073941133324e-06,0.00011357529,9.630761e-05,3.111511e-05,7.0520873e-06,8.760572e-09,6.337636e-09,5.6425e-09,0.0018301436,0.0015518935,0.00050138653,0.0001136368,1.4116719e-07,0.06205813,0.0,5.943340181870287,5.100591114695538,"[4.8616336e-04 4.0199452e-06 7.8504345e-06 ... 3.7916688e-09 5.1555884e-09
 9.3852730e-09]","[0.00000000e+00 1.66666667e-02 3.33333333e-02 ... 6.39500000e+01
 6.39666667e+01 6.39833333e+01]"
sub-052,lab_3,EEG2,NREM,2.8767936e-06,6.045709e-05,1.507866e-06,-0.0004,0.000363,3.6550594e-09,0.19867632,0.8454006,4266496,555.5333333333333,2.8194268914730174e-06,2.9341602832219678e-06,0.00025834388,0.00016207492,5.025493e-05,1.0322346e-05,5.4516223e-09,3.921809e-09,3.6098171e-09,0.0022192327,0.0013922605,0.0004317013,8.86713e-05,4.6830678e-08,0.11641134,2.8333333333333335,5.548229310910946,4.576993469931976,"[5.0149090e-04 8.7899861e-07 8.1736573e-07 ... 3.2830669e-09 3.8335286e-09
 3.7471364e-09]","[0.00000000e+00 1.66666667e-02 3.33333333e-02 ... 6.39500000e+01
 6.39666667e+01 6.39833333e+01]"
sub-052,lab_3,EEG2,REM,2.8981726e-06,3.894694e-05,2.0434272e-06,-0.00023515195,0.0003067195,1.516864e-09,0.15695442,0.67945695,742912,96.73333333333333,2.809609333873962e-06,2.986735915235474e-06,5.595969e-05,7.828099e-05,3.0444095e-05,6.1713e-06,4.663705e-09,3.2187346e-09,2.957987e-09,0.0012565192,0.0017577219,0.00068359193,0.00013857041,1.04718865e-07,0.04453548,0.0,7.321849536042567,5.245027685401601,"[4.8228836e-04 3.1454445e-07 6.8792485e-07 ... 3.9495478e-09 2.2541262e-09
 2.6514997e-09]","[0.00000000e+00 1.66666667e-02 3.33333333e-02 ... 6.39500000e+01
 6.39666667e+01 6.39833333e+01]"
sub-052,lab_3,EMG,Awake,2.6414893e-06,3.1637454e-05,2.543923e-06,-0.00048,0.000501,1.0009286e-09,0.12257915,10.37222,6049792,787.7333333333333,2.6162789582253213e-06,2.6666997327316307e-06,5.9384146e-08,1.138125e-06,3.6502126e-06,6.26602e-06,5.5380337e-06,6.5206327e-06,3.6518938e-06,3.088405e-06,5.919073e-05,0.00018983746,0.00032587835,0.0002880178,0.019228095,0.0,33.82234100952814,15.946568710647215,"[4.1305326e-04 8.0032629e-09 4.9554436e-09 ... 2.7668298e-06 2.9438847e-06
 2.1098695e-06]","[0.00000000e+00 1.66666667e-02 3.33333333e-02 ... 6.39500000e+01
 6.39666667e+01 6.39833333e+01]"
sub-052,lab_3,EMG,NREM,2.6461269e-06,7.383236e-06,2.8582742e-06,-0.00038118896,0.00044353362,5.4512176e-11,-0.3815774,44.783123,4266496,555.5333333333333,2.6391210326758716e-06,2.6531326852497607e-06,1.6407384e-09,1.8289233e-08,2.7797762e-07,3.723795e-07,9.248264e-07,3.633679e-07,5.635834e-07,6.951052e-07,7.748305e-06,0.00011776629,0.00015776002,0.00039180627,0.0023604175,0.0,35.27662019278245,19.6112383648022,"[4.1513465e-04 8.3566720e-10 6.9765677e-10 ... 1.1449490e-06 9.3774236e-07
 7.5622387e-07]","[0.00000000e+00 1.66666667e-02 3.33333333e-02 ... 6.39500000e+01
 6.39666667e+01 6.39833333e+01]"
sub-052,lab_3,EMG,REM,2.6443354e-06,6.780417e-06,2.8732434e-06,-0.00014377903,0.00014698078,4.5974058e-11,-0.6270181,6.0120773,742912,96.73333333333333,2.6289170695180935e-06,2.6597536940299044e-06,1.2044051e-09,1.1397606e-08,2.1708487e-07,2.5772235e-07,6.380491e-07,3.5324075e-07,2.724161e-07,7.3655053e-07,6.9701737e-06,0.00013275765,0.00015760938,0.0003901971,0.0016351969,0.0,33.116321235802204,20.929002704381283,"[4.1346703e-04 1.0277171e-09 4.7462562e-10 ... 4.6551662e-07 6.5950763e-07
 5.8473722e-07]","[0.00000000e+00 1.66666667e-02 3.33333333e-02 ... 6.39500000e+01
 6.39666667e+01 6.39833333e+01]"
